292	Next-Door Bike Store	279	A22517E3-848D-4EBE-B9D9-7437F3432304	2025-09-11 11:15:07.497	800000	80000	United Security	BM	1996	Mountain	21000	2	ISDN	13
294	Professional Sales and Service	276	B50CA50B-C601-4A13-B07E-2C63862D71B4	2025-09-11 11:15:07.497	800000	80000	International Bank	BM	1991	Touring	18000	4+	T1	14
296	Riders Company	277	337C3688-1339-4E1A-A08A-B54B23566E49	2025-09-11 11:15:07.497	800000	80000	Primary Bank & Reserve	BM	1999	Road	21000	2	DSL	15
298	The Bike Mechanics	275	7894F278-F0C8-4D16-BD75-213FDBF13023	2025-09-11 11:15:07.497	800000	80000	International Security	BM	1994	Mountain	18000	2	DSL	16
300	Nationwide Supply	286	C3FC9705-A8C4-4F3A-9550-EB2FA4B7B64D	2025-09-11 11:15:07.497	800000	80000	Guardian Bank	BM	1987	Touring	21000	4+	DSL	17
302	Area Bike Accessories	281	368BE6DD-30E5-49BB-9A86-71FD49C58F4E	2025-09-11 11:15:07.497	300000	30000	International Bank	BM	1982	Road	9000	AW	T2	8
304	Bicycle Accessories and Kits	283	35F40636-5105-49D5-869E-27E231189150	2025-09-11 11:15:07.497	300000	30000	Primary Bank & Reserve	BM	1990	Mountain	7000	AW	T1	9
306	Clamps & Brackets Co.	275	64D06BFC-D060-405C-8C60-C067FE7C67DF	2025-09-11 11:15:07.497	800000	80000	International Security	BM	1985	Mountain	17000	4+	DSL	10
308	Valley Bicycle Specialists	277	59386B0C-652E-4668-B44B-4E1711793330	2025-09-11 11:15:07.497	3000000	300000	Primary Bank & Reserve	OS	1979	Mountain	72000	4+	DSL	66
310	New Bikes Company	279	47E4B6BD-5CD1-45A3-A231-79D930381C56	2025-09-11 11:15:07.497	1500000	150000	International Security	OS	1974	Road	39000	4+	T1	40
312	Vinyl and Plastic Goods Corporation	282	DC610525-E373-49B1-B786-EA040EC25C06	2025-09-11 11:15:07.497	1500000	150000	Primary Bank & Reserve	OS	1980	Mountain	41000	4+	DSL	43
314	Top of the Line Bikes	288	E290E93F-A980-4BA3-86C3-9858F15C8A6D	2025-09-11 11:15:07.497	1500000	150000	International Bank	OS	1986	Touring	40000	4+	DSL	46
316	Fun Toys and Bikes	281	6CDCF941-4192-49C7-994A-5ADBA534E095	2025-09-11 11:15:07.497	300000	30000	Primary Bank & Reserve	BM	1973	Touring	6000	2	DSL	2
318	Great Bikes 	283	956FBC35-5E0D-4175-8045-E0BE380BA340	2025-09-11 11:15:07.497	300000	30000	International Security	BM	1981	Mountain	10000	4+	T3	3
320	Metropolitan Sales and Rental	275	0CB4FEF2-5047-40F7-8848-B59F7A3F3EEC	2025-09-11 11:15:07.497	300000	30000	Guardian Bank	BM	1976	Road	6000	AW	T1	4
322	Irregulars Outlet	288	CDE66279-83D8-4340-A83C-E86E15514AC4	2025-09-11 11:15:07.497	300000	30000	Primary International	BM	1984	Mountain	7000	AW	DSL	5
324	Valley Toy Store	282	6A1BEA56-DCB7-45CF-8C92-3705E12EB2AA	2025-09-11 11:15:07.497	300000	30000	Reserve Security	BM	1979	Mountain	9000	2	T1	6
326	Worthwhile Activity Store	279	BAD63717-99BD-4581-8160-0F1723BE42CB	2025-09-11 11:15:07.497	300000	30000	United Security	BM	1987	Mountain	8000	2	DSL	7
328	Purchase Mart	275	A3140349-57A3-46AA-BF32-D7F4753A06D6	2025-09-11 11:15:07.497	1500000	150000	United Security	OS	1992	Touring	38000	3	ISDN	49
330	Major Sport Suppliers	283	3B5F8572-43B0-42F5-86FF-E379D0769F28	2025-09-11 11:15:07.497	3000000	300000	Reserve Security	OS	1998	Mountain	68000	3	DSL	52
332	Family's Favorite Bike Shop	278	712DF7B6-A6E4-4059-A1B8-6D39A80AB712	2025-09-11 11:15:07.497	800000	80000	Primary International	BM	1997	Mountain	21000	3	ISDN	18
334	Global Plaza	279	9A1E91D8-509B-4D96-BD77-7427C7F0C47B	2025-09-11 11:15:07.497	800000	80000	Reserve Security	BM	1975	Mountain	19000	3	DSL	19
336	Imported and Domestic Cycles	276	25C229C0-4E7A-42D2-ACB1-A2118361B2F1	2025-09-11 11:15:07.497	1000000	100000	United Security	BM	2000	Road	24000	2	T1	20
338	Systematic Sales	281	DF9126A5-9C95-44A2-A31F-F759EA33EEA7	2025-09-11 11:15:07.497	3000000	300000	Primary International	OS	1999	Touring	73000	4+	DSL	55
340	eCommerce Bikes	279	1EC47823-4B39-4609-AAEC-6EE68CC74F81	2025-09-11 11:15:07.497	3000000	300000	Guardian Bank	OS	1999	Mountain	69000	2	DSL	58
342	Mountain Toy Store	277	52EFC841-97C5-4AC1-B707-FA3717B0BC48	2025-09-11 11:15:07.497	800000	80000	International Bank	BM	2000	Road	18000	4+	DSL	17
344	Retail Sales and Service	275	38F9BE1B-9137-4E4E-985D-06F6C5E02330	2025-09-11 11:15:07.497	800000	80000	Primary Bank & Reserve	BM	1994	Road	18000	2	DSL	14
346	Designated Distributors	282	5DC17A1C-F618-4B6E-BEA2-BFF96CA6BA8B	2025-09-11 11:15:07.497	3000000	300000	International Security	OS	1979	Road	72000	4+	T2	61
348	Bold Bike Accessories	276	AC7A83F1-196B-4BBF-A6E0-3165D4C84454	2025-09-11 11:15:07.497	3000000	300000	Primary Bank & Reserve	OS	1999	Mountain	72000	4+	DSL	58
350	Twin Cycles	286	4E917578-1942-4BAB-8E63-932052FDACEC	2025-09-11 11:15:07.497	800000	80000	International Security	BM	1988	Touring	21000	AW	T1	11
352	Tiny Bike Boutique	279	1D65DD5A-A7C8-4AC1-A2B6-76AD4A5946BD	2025-09-11 11:15:07.497	300000	30000	International Bank	BM	1978	Road	6000	4+	DSL	4
354	Acclaimed Bicycle Company	279	E71AC59C-B228-49F2-ACC2-077AA5DFC9DB	2025-09-11 11:15:07.497	3000000	300000	International Bank	OS	1979	Touring	73000	3	DSL	61
356	Serious Cycles	278	8036D3B1-1C8D-43BF-B913-D17EE0D755AF	2025-09-11 11:15:07.497	3000000	300000	United Security	OS	1996	Mountain	71000	4+	ISDN	64
358	Quality Bike Sales	286	55EC3545-A751-4A37-944E-B5DF36219E11	2025-09-11 11:15:07.497	3000000	300000	Reserve Security	OS	1991	Touring	74000	3	DSL	67
360	Novelty Bikes	275	CD239474-966C-4474-97A9-25D52289ED52	2025-09-11 11:15:07.497	3000000	300000	Primary International	OS	1993	Touring	74000	4+	ISDN	70
362	Distinctive Cycles Sales & Service	279	7E5DA4C4-23B4-4BD2-8037-B2BE46E41C83	2025-09-11 11:15:07.497	3000000	300000	Primary Bank & Reserve	OS	1995	Mountain	75000	3	DSL	79
364	Leading Bike Distributors	279	0C0B95FD-1934-4DD9-BC1C-8C1E2BF07EBC	2025-09-11 11:15:07.497	800000	80000	Reserve Security	BS	1978	Road	18000	3	T1	13
366	Activity Center	279	F579E604-B602-4D67-AB88-130DF07753F0	2025-09-11 11:15:07.497	1500000	150000	Primary Bank & Reserve	BS	1971	Road	37000	3	DSL	37
368	Brightwork Company	281	6F4273AE-583C-4219-9E0B-2F3CD44A4000	2025-09-11 11:15:07.497	1500000	150000	International Security	BS	1979	Mountain	36000	4+	ISDN	38
370	Resale Services	276	7C7076C8-2AB9-4810-BBCA-B126FC811E32	2025-09-11 11:15:07.497	800000	80000	United Security	BM	1988	Mountain	21000	2	DSL	16
372	The Gear Store	277	03E77D8A-62B6-41EE-B081-7EC3E60C9A3E	2025-09-11 11:15:07.497	800000	80000	International Bank	BM	1982	Mountain	21000	2	DSL	14
374	Immense Manufacturing Company	277	F948F121-09C9-46D4-A783-63EAD859A044	2025-09-11 11:15:07.497	3000000	300000	Guardian Bank	OS	1998	Touring	76000	4+	DSL	73
376	Extended Bike Sales	276	9E550241-B6CB-4E95-96A2-F3BEF46016DF	2025-09-11 11:15:07.497	3000000	300000	International Security	OS	1990	Mountain	73000	4+	DSL	76
378	Pedaling Components	288	24DD7AF1-D347-44CB-96FA-14B9CE5C83A8	2025-09-11 11:15:07.497	1500000	150000	United Security	BS	1988	Touring	36000	4+	DSL	35
380	Workout Emporium	282	649DB09E-3AA4-4275-880C-7853B3395E51	2025-09-11 11:15:07.497	1500000	150000	International Bank	BS	1976	Touring	39000	4+	T1	36
382	Work and Play Association	275	E5353DA7-CB02-4C26-ACD3-1C42050D4BB9	2025-09-11 11:15:07.497	800000	80000	Primary Bank & Reserve	BM	1976	Road	22000	4+	DSL	12
384	Seaside Bike Works	286	4C85C347-C9C0-4E6D-B290-19970F0ADEA0	2025-09-11 11:15:07.497	800000	80000	International Security	BM	1970	Touring	19000	3	T1	10
386	Nice Bikes	278	9FA1609C-9A36-4282-BC80-A562332DEF1B	2025-09-11 11:15:07.497	300000	30000	Guardian Bank	BM	1975	Road	9000	4+	DSL	8
388	Remarkable Bike Store	276	F2DCD314-506D-47F1-8CD0-6017C40C96AB	2025-09-11 11:15:07.497	800000	80000	United Security	BS	1972	Road	17000	3	T2	10
390	Road-Way Mart	283	B0A08902-2C39-4A50-86E5-86E98C7B2597	2025-09-11 11:15:07.497	1000000	100000	Reserve Security	BS	1998	Mountain	26000	3	DSL	27
392	Small Cycle Store	275	C1CDCF27-3FA6-4BF9-A5CA-BAEEFC8FB8E0	2025-09-11 11:15:07.497	1000000	100000	United Security	BS	1971	Road	25000	3	T1	28
394	Blue-Ribbon Bike Company	279	096B2C5D-14E5-4BDA-94E1-3E5C01D906C4	2025-09-11 11:15:07.497	300000	30000	Primary International	BM	1970	Touring	9000	AW	T1	6
396	Flawless Bike Shop	276	71AEA07E-95C4-4C44-A919-01B5008639D3	2025-09-11 11:15:07.497	300000	30000	Reserve Security	BM	1978	Road	10000	3	T2	4
398	Grand Bicycle Stores	277	6DEF5808-13CA-4784-9F4E-1A1FFB1905D9	2025-09-11 11:15:07.497	300000	30000	United Security	BM	1973	Mountain	10000	AW	ISDN	2
400	Exertion Activities Club	281	AC060B37-154B-4F3F-A06E-918B7EA75BB1	2025-09-11 11:15:07.497	1500000	150000	Guardian Bank	BS	1984	Touring	38000	4+	T1	32
402	Impromptu Trips	283	16255726-8647-401A-9DE9-AB524A839804	2025-09-11 11:15:07.497	1500000	150000	Primary International	BS	1978	Mountain	37000	4+	ISDN	33
404	Margie's Travel	275	9D71FF30-1BC5-4F0B-BD7B-3618B58634E9	2025-09-11 11:15:07.497	1500000	150000	Reserve Security	BS	1972	Mountain	35000	2	T1	34
406	Kickstand Sellers	275	F6F76F14-09D5-4B11-BAD6-E3BFF76AC761	2025-09-11 11:15:07.497	300000	30000	International Bank	BM	1981	Mountain	8000	4+	T1	3
408	Nearest Bike Store	286	AAC48EAD-3E12-4431-89C4-964406A7A94D	2025-09-11 11:15:07.497	300000	30000	Primary Bank & Reserve	BM	1976	Touring	8000	4+	T1	4
410	Fast Bike Works	286	D09C875E-114A-4D24-A68B-AED21EE23494	2025-09-11 11:15:07.497	1000000	100000	Primary International	BS	1971	Touring	25000	4+	DSL	28
412	Gasless Cycle Shop	278	824B931B-5F27-407C-81AD-00FF7BC886F1	2025-09-11 11:15:07.497	1000000	100000	Reserve Security	BS	2001	Road	24000	3	DSL	29
414	Lubricant and Grease Suppliers	279	4047A571-C602-4433-956C-C6AF7366BF22	2025-09-11 11:15:07.497	1500000	150000	United Security	BS	1996	Mountain	37000	4+	DSL	30
416	Teen Discount Store	288	A22C02A3-37C8-402A-932F-BC8DD75BEA87	2025-09-11 11:15:07.497	800000	80000	Reserve Security	BM	1994	Mountain	18000	3	DSL	16
418	Transportation Options	282	7CBEA615-BECA-44C6-8C74-CB1541FAEFA6	2025-09-11 11:15:07.497	800000	80000	United Security	BM	1987	Mountain	20000	3	DSL	17
420	Capital Riding Supplies	288	7EA9A2A5-753C-4DF2-93F6-AB81F5A4C135	2025-09-11 11:15:07.497	1500000	150000	Primary Bank & Reserve	OS	1986	Mountain	39000	2	DSL	46
422	Bike Boutique	275	81EDA8DB-5162-424F-BA36-6CB6770CD064	2025-09-11 11:15:07.497	1500000	150000	International Bank	OS	1992	Road	41000	4+	ISDN	49
424	Bikes Anyone?	275	6368F18B-AFCF-4008-9611-99458C02C985	2025-09-11 11:15:07.497	1000000	100000	International Security	BS	1996	Touring	27000	3	DSL	22
426	Cross-town Parts Shop	286	DFED9777-D43C-497D-86D4-14407E43C535	2025-09-11 11:15:07.497	800000	80000	Guardian Bank	BS	1990	Road	23000	2	T1	19
428	Finer Cycle Shop	278	52B4D514-B45E-4BF6-821B-F972B738D732	2025-09-11 11:15:07.497	800000	80000	Primary International	BS	1984	Mountain	20000	4+	ISDN	16
430	Center Cycle Shop	280	8E153F0C-275C-42CA-98DF-ADEFB90AB587	2025-09-11 11:15:07.497	1000000	100000	Primary Bank & Reserve	BM	2000	Road	25000	4+	T1	20
432	Bulk Discount Store	289	E26B0754-871A-49AD-A21B-5E58D7E804ED	2025-09-11 11:15:07.497	800000	80000	International Security	BM	2000	Road	21000	3	DSL	17
434	Country Parts Shop	290	9B88E8ED-C244-484D-8C4F-89F59570EBEA	2025-09-11 11:15:07.497	800000	80000	Guardian Bank	BM	1994	Road	21000	4+	DSL	14
436	Second Bike Shop	286	20838797-EC33-4328-BDC0-99190729BE4A	2025-09-11 11:15:07.497	800000	80000	Guardian Bank	BM	2000	Road	21000	4+	T1	19
438	First-Rate Outlet	278	7642E78C-F447-4F9D-B8CB-E6BB467DB663	2025-09-11 11:15:07.497	1000000	100000	Primary International	BM	2000	Road	26000	3	T1	20
440	Juvenile Sports Equipment	279	74B38BF4-113C-42EC-8E72-7E4B35E5BC55	2025-09-11 11:15:07.497	800000	80000	Reserve Security	BM	1994	Mountain	20000	2	DSL	18
442	Another Bicycle Company	283	4280C0D5-6765-4ADD-A679-F341D27C0ECF	2025-09-11 11:15:07.497	300000	30000	Reserve Security	BM	1973	Touring	6000	AW	DSL	2
444	Fourth Bike Store	275	E8623C2D-CCBF-497A-8147-6574ABE11B19	2025-09-11 11:15:07.497	300000	30000	United Security	BM	1981	Touring	9000	AW	T1	3
446	Rodeway Bike Store	288	4F971590-8C1F-4B22-808E-5917B6FAB7EC	2025-09-11 11:15:07.497	300000	30000	International Bank	BM	1976	Mountain	7000	4+	DSL	4
448	Traction Tire Company	276	6324FAD5-6BC4-4715-85BC-A86C49E527F8	2025-09-11 11:15:07.497	1500000	150000	International Bank	BS	1990	Mountain	39000	2	DSL	31
450	Unsurpassed Bikes	277	9BC34C8E-3856-4197-8013-F5E6C7AEDB48	2025-09-11 11:15:07.497	1500000	150000	Primary Bank & Reserve	BS	1984	Touring	39000	3	DSL	32
452	Field Trip Inc	275	5276B793-128A-49F0-B822-D338C6B92FDC	2025-09-11 11:15:07.497	1500000	150000	International Security	BS	1978	Road	35000	4+	DSL	33
454	Tire Company	275	F875272B-6629-4832-9E45-F3E8E6DD8963	2025-09-11 11:15:07.497	1500000	150000	International Bank	BS	1983	Road	37000	2	DSL	45
456	Uncompromising Quality Co	286	058F1615-0267-4B7C-8E53-96101059CADE	2025-09-11 11:15:07.497	1500000	150000	Primary Bank & Reserve	BS	1991	Touring	39000	4+	DSL	46
458	Metallic Paint and Overcoat Co	281	E06866F7-C659-4952-A1EC-D2B42F80613A	2025-09-11 11:15:07.497	1000000	100000	Primary Bank & Reserve	BS	1971	Road	26000	3	DSL	28
460	Pro Sporting Goods	276	5A1EE7A6-2FD6-45C8-9B0D-41991049CDEA	2025-09-11 11:15:07.497	3000000	300000	Primary International	OS	1972	Mountain	79000	4+	DSL	90
462	Sporting Goods and Bicycle Shop	279	93D4A3A7-D111-4113-859E-5B253DD9D943	2025-09-11 11:15:07.497	3000000	300000	Guardian Bank	OS	1977	Road	78000	3	DSL	91
464	Odometers and Accessories Company	278	47E77224-11E5-4AB9-BC23-CD122F9C281D	2025-09-11 11:15:07.497	3000000	300000	International Security	OS	1987	Touring	76000	4+	DSL	92
466	Scratch-Resistant Finishes Company	282	5F85023B-D708-4D44-B1A2-927A21C4CBBB	2025-09-11 11:15:07.497	800000	80000	Guardian Bank	BS	1984	Mountain	21000	4+	DSL	16
468	Topnotch Bikes	279	69A76A96-12FC-4B67-9655-C578E6B02933	2025-09-11 11:15:07.497	800000	80000	Primary International	BS	1978	Mountain	22000	2	T3	13
470	Unicycles, Bicycles, and Tricycles	281	58F17106-C637-44CE-B352-164E1AD7C41D	2025-09-11 11:15:07.497	800000	80000	Reserve Security	BS	1972	Touring	17000	4+	T1	10
472	Safe Cycles Shop	283	828D8F6D-95C6-4FDC-9888-45672FEC0E11	2025-09-11 11:15:07.497	3000000	300000	International Security	OS	1998	Mountain	72000	4+	DSL	73
474	Number 1 Supply	281	A4D7720A-57DD-4084-BFC6-B49CD3367FFE	2025-09-11 11:15:07.497	3000000	300000	Primary Bank & Reserve	OS	1990	Road	75000	4+	ISDN	76
476	Industrial Supplies	279	706A4161-4E67-41E1-A31B-2BE9FBF864F3	2025-09-11 11:15:07.497	3000000	300000	International Bank	OS	1995	Touring	73000	3	DSL	79
478	Golf and Cycle Store	281	68C1F86E-F581-4AEA-AFA4-B0C03EAF1F13	2025-09-11 11:15:07.497	3000000	300000	Guardian Bank	OS	1978	Mountain	75000	2	DSL	86
480	Front Runner Bikes	279	0E549387-9DC1-4F37-89AF-34FAAEB7CFAF	2025-09-11 11:15:07.497	3000000	300000	International Security	OS	1983	Touring	77000	4+	DSL	87
482	Favorite Toy Distributor	290	D4352E50-AA19-434C-A515-694E42B3C4BF	2025-09-11 11:15:07.497	3000000	300000	Primary Bank & Reserve	OS	1975	Touring	77000	4+	DSL	88
484	World Bike Discount Store	276	E73E6B44-3824-4C98-A7B1-796F1F1E0DE8	2025-09-11 11:15:07.497	1500000	150000	Guardian Bank	BS	1979	Road	39000	4+	DSL	38
486	Global Sporting Goods	277	DF54DEB4-58D4-4D01-9288-3F4A14F346B5	2025-09-11 11:15:07.497	1500000	150000	Primary International	BS	1974	Road	36000	3	DSL	39
488	Historic Bicycle Sales	275	EF4DE775-B406-45C4-A6DD-9B0B4815FDBF	2025-09-11 11:15:07.497	1500000	150000	Reserve Security	BS	1982	Mountain	38000	2	T1	40
490	Commuter Bicycle Store	282	326D145A-2C37-4F02-AA83-350132148316	2025-09-11 11:15:07.497	800000	80000	Reserve Security	BM	1987	Touring	22000	4+	T1	17
492	Coalition Bike Company	281	137FEA4B-320D-4676-A548-8EFCF1F6B36B	2025-09-11 11:15:07.497	800000	80000	United Security	BM	1997	Mountain	23000	2	DSL	18
494	Travel Systems	277	18203555-D7AE-4DA4-A9FC-316D73435120	2025-09-11 11:15:07.497	800000	80000	International Bank	BM	1975	Road	21000	4+	T2	19
496	Grease and Oil Products Company	277	458AD954-8F14-43B4-BE03-B994CAC60358	2025-09-11 11:15:07.497	1500000	150000	Primary Bank & Reserve	BS	1979	Road	36000	4+	T2	38
498	Moderately-Priced Bikes Store	280	05FD9119-A72E-4042-B2CE-CB512247DB27	2025-09-11 11:15:07.497	1500000	150000	International Security	BS	1974	Mountain	39000	2	DSL	39
500	Toy Manufacturing Inc	278	4984EFD9-0788-450A-A4AC-019899744287	2025-09-11 11:15:07.497	1500000	150000	Guardian Bank	BS	1977	Road	40000	4+	DSL	41
502	Eighty Toy Stores	279	9664E5A8-7584-410B-B610-AD49368D670E	2025-09-11 11:15:07.497	1500000	150000	Primary International	BS	1985	Road	37000	4+	T1	42
504	Economy Bikes Company	276	AB32CE06-F2AF-4B8A-889A-CFC4DB6B150A	2025-09-11 11:15:07.497	1500000	150000	Reserve Security	BS	1980	Mountain	41000	4+	DSL	43
506	Third Bike Store	277	A7048720-5BDD-4DF4-8685-D14D868AE297	2025-09-11 11:15:07.497	1500000	150000	United Security	BS	1988	Road	37000	4+	T1	44
508	Atypical Bike Company	290	FC920A3A-8BAE-403D-99CE-542BF8923FBD	2025-09-11 11:15:07.497	1000000	100000	Reserve Security	BM	2000	Road	25000	3	DSL	20
510	Bikes for Two	282	DA5280D3-2E15-4359-A493-C036C0A84EC4	2025-09-11 11:15:07.497	800000	80000	United Security	BM	1994	Mountain	22000	3	T1	18
512	Metal Processing Company	278	E71200E7-E3B5-4A40-BAD9-88364DE28030	2025-09-11 11:15:07.497	1500000	150000	International Security	BS	1986	Road	39000	4+	DSL	47
514	Widget Bicycle Specialists	279	5A49A2FE-09CC-46A7-95F5-E81F346477BB	2025-09-11 11:15:07.497	1500000	150000	Guardian Bank	BS	1994	Road	38000	3	DSL	48
516	Initial Bike Company	281	0ADCF413-2501-4DCB-BB86-01CE9F6D92BE	2025-09-11 11:15:07.497	800000	80000	International Security	BM	1996	Mountain	19000	4+	DSL	13
518	Latest Sports Equipment	283	AFC82A28-1A27-4899-A413-1B4D32A2DF11	2025-09-11 11:15:07.497	800000	80000	Guardian Bank	BM	1991	Mountain	18000	4+	T1	14
520	Modern Bike Store	275	A7008459-EFE5-459D-95D9-80F5E5B44132	2025-09-11 11:15:07.497	800000	80000	Primary International	BM	1999	Road	21000	4+	T1	15
522	Raw Materials Inc	280	4575F698-2FA1-409C-866F-0D688251499A	2025-09-11 11:15:07.497	3000000	300000	Primary Bank & Reserve	OS	1998	Mountain	74000	4+	ISDN	73
524	Lots of Bikes Storehouse	277	91D541E3-6BC1-4921-BC6A-2C13EB3F7C02	2025-09-11 11:15:07.497	3000000	300000	International Bank	OS	1990	Mountain	73000	2	T1	76
526	Futuristic Bikes	281	41DFD0BA-E78E-4456-95EF-3595D32D7CA1	2025-09-11 11:15:07.497	3000000	300000	United Security	OS	1995	Mountain	77000	2	DSL	79
528	Parcel Express Delivery Service	283	A4DAAAF3-0D24-491D-BD6F-3D0413A38F2D	2025-09-11 11:15:07.497	1500000	150000	United Security	BS	1979	Road	36000	4+	DSL	38
530	Outdoor Distributors	275	B7004ACE-63FA-4CAB-8057-8456750C2DC0	2025-09-11 11:15:07.497	1500000	150000	International Bank	BS	1974	Mountain	36000	3	DSL	39
532	North Bike Company	288	DCA8E739-F0FE-490F-990B-2B116D82C77D	2025-09-11 11:15:07.497	1500000	150000	Primary Bank & Reserve	BS	1982	Road	37000	4+	T1	40
534	Prosperous Tours	289	A0EE7B0A-7741-4F37-BDEC-8D2206467FCE	2025-09-11 11:15:07.497	3000000	300000	Guardian Bank	OS	1999	Road	79000	4+	T1	99
536	Nonskid Tire Company	280	0E90C627-A250-4DBA-B891-B259DBE2CA6B	2025-09-11 11:15:07.497	3000000	300000	International Security	OS	1999	Mountain	80000	3	T2	100
538	Amalgamated Parts Shop	288	0CE11724-2B7F-4490-94A4-7175F97D6D7F	2025-09-11 11:15:07.497	3000000	300000	Primary Bank & Reserve	OS	1999	Touring	77000	4+	T3	99
540	Metro Bike Works	275	B555436D-E4BE-4352-8144-5064A4D62964	2025-09-11 11:15:07.497	3000000	300000	International Bank	OS	1999	Mountain	77000	4+	DSL	100
542	Best o' Bikes	277	73DCB69B-0B2E-492A-A8ED-852969C26787	2025-09-11 11:15:07.497	800000	80000	Primary International	BS	1972	Touring	19000	3	DSL	10
544	Painters Bicycle Specialists	275	88EDC59C-1196-425A-8E7E-2286BF95A214	2025-09-11 11:15:07.497	1000000	100000	Guardian Bank	BS	1998	Road	24000	3	DSL	27
546	Client Discount Store	277	C7615B39-9562-48DD-A81B-107914A3DD1F	2025-09-11 11:15:07.497	1000000	100000	Guardian Bank	BM	2000	Mountain	24000	2	DSL	20
548	Eastside Sporting Goods	275	03189C8F-84CC-4207-92D4-4DA26EFDBB17	2025-09-11 11:15:07.497	800000	80000	Primary International	BM	2000	Road	19000	AW	T1	17
550	Helmets and Cycles	286	0EA0A15A-A2CD-4F25-A833-B31CAE39E783	2025-09-11 11:15:07.497	800000	80000	Reserve Security	BM	1994	Touring	21000	4+	ISDN	14
552	Requisite Part Supply	282	10E20A63-73CF-4A80-A678-3D829C108D43	2025-09-11 11:15:07.497	1500000	150000	Guardian Bank	BS	1988	Road	39000	3	DSL	35
554	Racks and Security Systems	279	4A3C505A-C5AE-4061-B376-67415EFCECBB	2025-09-11 11:15:07.497	1500000	150000	Primary International	BS	1976	Touring	39000	3	DSL	36
556	Mechanical Products Ltd.	281	CAAD1F0F-E7D6-47E6-A124-788B1A9426F7	2025-09-11 11:15:07.497	1500000	150000	Reserve Security	BS	1971	Road	38000	4+	DSL	37
558	Commendable Bikes	283	EB847E4A-B183-4385-8DE1-57C39D4D3304	2025-09-11 11:15:07.497	1500000	150000	Guardian Bank	BS	1974	Road	37000	4+	DSL	39
560	Online Bike Sellers	275	35EBF652-E9FC-490C-902D-304E4D112ED9	2025-09-11 11:15:07.497	1500000	150000	Primary International	BS	1982	Mountain	39000	2	DSL	40
562	Custom Accessories Company	278	77BBDDB3-3FC7-4BE6-9F90-18083F0DDAF8	2025-09-11 11:15:07.497	3000000	300000	Guardian Bank	OS	1998	Road	79000	4+	DSL	98
564	Unusual Bicycle Company	286	C7B796A1-F605-4236-B784-1D1A2C3F2B7E	2025-09-11 11:15:07.497	3000000	300000	International Security	OS	1999	Touring	78000	4+	DSL	99
566	Courteous Bicycle Specialists	282	62032F02-08F9-4766-8FC2-9EAD345AEEC6	2025-09-11 11:15:07.497	300000	30000	International Security	BM	1982	Touring	10000	2	DSL	8
568	Hobby Store	279	4D72976F-7A2F-499D-84BA-EA5FD79D0D14	2025-09-11 11:15:07.497	300000	30000	Guardian Bank	BM	1976	Mountain	6000	2	DSL	5
570	Professional Cycle Store	281	8C1F3E35-1A21-4FF8-8256-7433C6591D10	2025-09-11 11:15:07.497	300000	30000	Primary International	BM	1970	Mountain	10000	2	T1	2
572	Bike Universe	281	5414845A-DB08-45C9-8160-1762390DB768	2025-09-11 11:15:07.497	1000000	100000	United Security	BS	1971	Mountain	28000	4+	T2	28
574	Fifth Bike Store	283	8DB66E19-FC69-45B1-888B-63D253ED6A8F	2025-09-11 11:15:07.497	1000000	100000	International Bank	BS	2001	Road	26000	4+	DSL	25
576	Independent Outlet	275	D888B41F-0F06-4E08-B871-B4FD6F9E22CF	2025-09-11 11:15:07.497	1000000	100000	Primary Bank & Reserve	BS	1996	Road	25000	3	DSL	22
578	Rambling Tours	288	59763192-45A0-42F9-A4F2-8ECF595DB261	2025-09-11 11:15:07.497	800000	80000	International Security	BS	1990	Touring	19000	3	T3	19
580	Farthest Bike Store	282	0E3F4F5A-5DEE-4B0A-A5A5-C524F74156EA	2025-09-11 11:15:07.497	3000000	300000	United Security	OS	1987	Touring	74000	4+	DSL	80
582	Excellent Bikes	288	CBC9BE9E-5422-411C-B3EF-A301BE4AE107	2025-09-11 11:15:07.497	3000000	300000	Reserve Security	OS	1992	Touring	75000	2	DSL	81
584	Curbside Universe	275	3C49DDE5-C64C-4456-8B4A-AA9E1ECC9C2F	2025-09-11 11:15:07.497	3000000	300000	Primary International	OS	1984	Road	73000	4+	DSL	82
586	Alternative Vehicles	280	A8C079A5-40CB-4707-B88D-25B0FFA42664	2025-09-11 11:15:07.497	1500000	150000	Primary Bank & Reserve	BS	1983	Road	41000	4+	T1	45
588	Channel Outlet	289	70703845-FB8A-40A5-974F-D54B46943647	2025-09-11 11:15:07.497	1500000	150000	International Security	BS	1991	Touring	40000	4+	DSL	46
590	Full Sports Supply	290	8CFF03DD-D8EC-4595-92C2-91B5E97957A3	2025-09-11 11:15:07.497	1500000	150000	Guardian Bank	BS	1986	Mountain	38000	4+	DSL	47
592	Retail Mall	282	7DA72678-7F78-49F9-981D-29F073C024CE	2025-09-11 11:15:07.497	3000000	300000	Primary International	OS	1977	Road	79000	4+	ISDN	91
594	Racing Store	290	87EACF60-34F0-444A-8291-DB255FE388D2	2025-09-11 11:15:07.497	3000000	300000	Guardian Bank	OS	1987	Road	78000	4+	DSL	92
596	Metro Metals Co.	289	FA71E13B-B051-4F12-A280-F69ECD6AF1DB	2025-09-11 11:15:07.497	3000000	300000	International Security	OS	1974	Touring	77000	4+	DSL	93
598	Sheet Metal Manufacturing	277	A909C7ED-04A5-4138-AB83-C9E739AA28AE	2025-09-11 11:15:07.497	800000	80000	International Security	BM	1997	Road	19000	3	T1	17
600	Thorough Parts and Repair Services	280	6A32068C-6A79-43CF-A443-57841ED98990	2025-09-11 11:15:07.497	800000	80000	Guardian Bank	BM	1975	Road	22000	2	T1	18
602	Uttermost Bike Shop	289	24F1C5F8-093A-426C-87CE-8FA9AF9FAC33	2025-09-11 11:15:07.497	800000	80000	Primary International	BM	2000	Road	20000	4+	DSL	19
604	Mechanical Sports Center	275	739999FE-97EB-4F89-BA26-A34771D9AF65	2025-09-11 11:15:07.497	1500000	150000	International Security	BS	1995	Road	40000	3	DSL	40
606	Speedometer Sales	288	56C01043-10B4-487E-8D55-48C1268BCE1D	2025-09-11 11:15:07.497	1500000	150000	Guardian Bank	BS	1995	Road	39000	3	DSL	37
608	Two-Wheeled Transit Company	282	D03C1CEA-5D48-4DD1-98D6-87D06C1F33A1	2025-09-11 11:15:07.497	1500000	150000	Primary International	BS	1983	Mountain	38000	4+	DSL	34
610	Mountain Emporium	279	3B74778C-9E53-47D0-83EF-6438B9B77427	2025-09-11 11:15:07.497	1500000	150000	Reserve Security	BS	1998	Mountain	37000	4+	T1	31
612	Metro Cycle Shop	283	43BE0E08-95B3-4CFE-B5FE-7C9A7270FFBA	2025-09-11 11:15:07.497	3000000	300000	Guardian Bank	OS	1989	Mountain	74000	3	T1	83
614	Outdoor Sporting Goods	281	689B5679-A37F-40C9-9F90-E4CE21785E20	2025-09-11 11:15:07.497	3000000	300000	International Security	OS	1981	Touring	74000	3	ISDN	84
616	Tread Industries	279	3E476935-5369-472E-9A52-B58A8B985C34	2025-09-11 11:15:07.497	3000000	300000	Primary Bank & Reserve	OS	1986	Mountain	77000	4+	T1	85
618	Petroleum Products Distributors	282	7D0C6BA8-2A0A-4663-B359-6B9606F5D652	2025-09-11 11:15:07.497	3000000	300000	International Bank	OS	1978	Touring	78000	4+	DSL	86
620	Tandem Bicycle Store	279	B6437D59-886A-4AA2-8463-62BBFB9E0C65	2025-09-11 11:15:07.497	1500000	150000	International Security	OS	1986	Mountain	37000	4+	DSL	46
622	Bikes and Motorbikes	278	BAFCDF3F-29C8-43AA-8CF0-72943126C76C	2025-09-11 11:15:07.497	1500000	150000	Primary Bank & Reserve	OS	1992	Road	40000	2	DSL	49
624	Budget Toy Store	286	96E67A92-F1FC-4DE6-9E7E-8745FEB429BD	2025-09-11 11:15:07.497	3000000	300000	International Bank	OS	1998	Mountain	71000	4+	DSL	52
626	Camping and Sports Store	282	50D6F597-0639-458F-8A28-7BF45551E116	2025-09-11 11:15:07.497	3000000	300000	Reserve Security	OS	1987	Touring	77000	4+	DSL	80
628	Ace Bicycle Supply	290	25F54CC0-9D2A-4C75-A92D-C92290EA49C7	2025-09-11 11:15:07.497	3000000	300000	Primary International	OS	1992	Mountain	73000	3	T1	81
630	Rural Department Store	281	004EA91C-FCD4-4973-87EF-9059C6E20BB5	2025-09-11 11:15:07.497	1500000	150000	United Security	BS	1990	Touring	35000	3	T1	31
632	Sports Commodities	283	43106FAC-7B87-4DA1-9DF8-CB286247F070	2025-09-11 11:15:07.497	1500000	150000	International Bank	BS	1984	Mountain	37000	2	T1	32
634	Riverside Company	275	C4DB8C32-4F6D-426B-A9AC-E1221FBDED9F	2025-09-11 11:15:07.497	1500000	150000	Primary Bank & Reserve	BS	1978	Road	38000	4+	DSL	33
636	Bicycle Exporters	288	A6898AE5-FFA3-4B47-A0F7-F8BF151B72AA	2025-09-11 11:15:07.497	1500000	150000	International Security	BS	1972	Touring	39000	2	T2	34
638	Responsible Bike Dealers	277	FE70ECFC-EDBB-41ED-910D-8DD39C87E25D	2025-09-11 11:15:07.497	1500000	150000	International Security	BS	1989	Mountain	40000	2	T1	49
640	Western Bike Supplies	281	4B1E8035-515E-4BE1-84D9-A81CE67EE44F	2025-09-11 11:15:07.497	1500000	150000	Primary Bank & Reserve	BS	1994	Road	38000	3	T1	48
642	Advanced Bike Components	277	42BDF4B8-BFF2-4A04-B0D3-EBB5896025CE	2025-09-11 11:15:07.497	1500000	150000	Primary International	OS	1974	Road	38000	3	DSL	40
644	Aerobic Exercise Company	276	690B6D1F-F71E-4BB8-B87D-BAEB505135EF	2025-09-11 11:15:07.497	1500000	150000	Guardian Bank	OS	1980	Road	40000	3	DSL	43
646	Rural Sporting Goods	288	ADB430FB-D23B-4A4C-9146-65193A80B9E0	2025-09-11 11:15:07.497	800000	80000	United Security	BM	1985	Road	20000	4+	T2	10
648	Corner Bicycle Supply	282	D899D5F5-48E6-4D2F-A13B-DBE0A43F251D	2025-09-11 11:15:07.497	800000	80000	International Bank	BM	1993	Road	17000	4+	DSL	11
650	Distance Bikes	279	7A341A16-8C5B-4A18-84AB-9EF05241D721	2025-09-11 11:15:07.497	800000	80000	Primary Bank & Reserve	BM	1988	Road	20000	2	DSL	12
652	Westside Plaza	281	06ABC249-EC49-45D1-B84E-98352CE995D7	2025-09-11 11:15:07.497	3000000	300000	United Security	OS	1989	Touring	74000	3	DSL	83
654	Ultimate Bike Shop	279	D23B2B5F-D58A-4ADE-A204-0082F50E32BA	2025-09-11 11:15:07.497	3000000	300000	Reserve Security	OS	1981	Mountain	78000	4+	DSL	84
656	Outstanding Cycles	283	039E021A-8084-4BF1-9E4F-51583CA75867	2025-09-11 11:15:07.497	3000000	300000	Primary International	OS	1986	Touring	78000	4+	ISDN	85
658	Vigorous Sports Store	289	3FE5AFD2-FE6A-4B66-8BA9-E7CC25E0E9C4	2025-09-11 11:15:07.497	3000000	300000	Guardian Bank	OS	1984	Road	73000	4+	DSL	82
660	Sports Merchandise	280	3E12DA24-CD4E-4552-AA4F-DC45BC432972	2025-09-11 11:15:07.497	3000000	300000	International Security	OS	1989	Touring	73000	4+	DSL	83
662	Fitness Toy Store	277	FA2486E8-99B6-4832-9EDF-1F86F1399CFC	2025-09-11 11:15:07.497	3000000	300000	Primary Bank & Reserve	OS	1981	Road	75000	3	DSL	84
664	Casual Bicycle Store	275	EF495883-01E1-46A0-ACA4-F41DD60BCFC1	2025-09-11 11:15:07.497	800000	80000	Guardian Bank	BM	1985	Mountain	18000	2	T3	10
666	Fitness Discount Store	286	9AB6652A-8949-4FF5-AA99-2E7252BFD359	2025-09-11 11:15:07.497	800000	80000	Primary International	BM	1993	Touring	19000	AW	DSL	11
668	General Cycle Storehouse	278	90CC4967-1A64-4F9C-B282-7917AF63D9AD	2025-09-11 11:15:07.497	800000	80000	Reserve Security	BM	1988	Mountain	20000	4+	DSL	12
670	Fitness Cycling	281	6F3AC326-F2FE-4BFF-BF5A-AB67AD72A076	2025-09-11 11:15:07.497	800000	80000	International Bank	BM	1988	Mountain	18000	2	DSL	16
672	Good Bike Shop	277	D39BC672-BB52-4EB7-939F-B3986EC7A5CA	2025-09-11 11:15:07.497	800000	80000	Primary Bank & Reserve	BM	1982	Road	19000	4+	DSL	14
674	Imaginary Toys	280	4C6992A0-DC3E-4A96-9BBB-9239135C29DF	2025-09-11 11:15:07.497	800000	80000	International Security	BM	1976	Touring	20000	4+	DSL	12
676	Inexpensive Parts Shop	286	7D6588FC-EFB7-4851-A9CE-F4C71E494709	2025-09-11 11:15:07.497	1500000	150000	Guardian Bank	BS	1972	Mountain	35000	4+	T1	34
678	Nuts and Bolts Mfg.	278	F5B50576-9C84-4125-AF94-EBCC49D8BE9E	2025-09-11 11:15:07.497	1500000	150000	Primary International	BS	1988	Mountain	37000	4+	DSL	35
680	Principal Bicycle Supply	279	B0BDBE3B-F9F2-4BDD-A74B-9423ECA7A815	2025-09-11 11:15:07.497	1500000	150000	Reserve Security	BS	1976	Road	39000	4+	DSL	36
682	Thrilling Bike Tours	276	B501D2CA-B083-47EC-A2A0-4341DA752F4B	2025-09-11 11:15:07.497	1500000	150000	United Security	BS	1971	Touring	37000	4+	ISDN	37
684	This Area Sporting Goods	277	FB6331EA-0148-418A-884A-84D1DA20AC3C	2025-09-11 11:15:07.497	1500000	150000	International Bank	BS	1979	Mountain	39000	2	DSL	38
686	Full-Service Bike Store	275	A167F30E-C0F1-49C3-96CE-4E8A2CA3C65C	2025-09-11 11:15:07.497	1500000	150000	Primary Bank & Reserve	BS	1974	Mountain	38000	3	DSL	39
688	Plastic Products Manufacturers	286	035FC393-8BF1-4522-9DD7-F7CF3140740A	2025-09-11 11:15:07.497	1500000	150000	International Security	BS	1982	Touring	37000	3	DSL	40
690	Kids and Adults Cycle Shop	286	7F00EE1C-91F3-46DC-8384-CB0317463E70	2025-09-11 11:15:07.497	3000000	300000	Primary Bank & Reserve	OS	1974	Mountain	75000	2	T1	93
692	Grand Discount Store	275	20148536-7BF7-4A99-A184-2BDF1EB5EB40	2025-09-11 11:15:07.497	3000000	300000	International Bank	OS	1974	Mountain	75000	4+	DSL	94
694	Genuine Bike Shop	277	EF74488B-1B77-4148-93EF-A4BC4638C921	2025-09-11 11:15:07.497	3000000	300000	United Security	OS	1980	Road	76000	4+	DSL	95
696	Extreme Riding Supplies	276	0C1AD971-9999-441A-9BF8-8D95C44489D2	2025-09-11 11:15:07.497	3000000	300000	Reserve Security	OS	1986	Touring	79000	3	T1	96
698	Bike Rims Company	279	D664A5CB-EB27-422E-8C7E-C81814508C73	2025-09-11 11:15:07.497	3000000	300000	Primary International	OS	1992	Road	80000	4+	T2	97
700	Fleet Bikes	276	CEC2CC52-9FAD-4328-A288-C01649DFE106	2025-09-11 11:15:07.497	1500000	150000	Primary International	BS	1989	Mountain	40000	3	DSL	49
702	Local Hardware Factory	277	16C76410-67E9-4082-BFF4-172F287C1F7C	2025-09-11 11:15:07.497	1500000	150000	Reserve Security	BS	1997	Road	41000	3	DSL	46
704	Only Bikes and Accessories	275	AF3B1A6A-E60B-4E74-96EA-E55C89F0ADF6	2025-09-11 11:15:07.497	1500000	150000	United Security	BS	1992	Mountain	40000	4+	T1	43
706	Rental Gallery	286	71322A9A-9FEB-4C12-947A-E3AEFFBFA3E2	2025-09-11 11:15:07.497	1500000	150000	International Bank	BS	1995	Mountain	37000	4+	T2	40
708	South Bike Company	278	C3346CE3-CA88-4E5B-8A41-05E76ABF4FCF	2025-09-11 11:15:07.497	1500000	150000	Primary Bank & Reserve	BS	1995	Touring	40000	4+	DSL	37
710	Wonderful Bikes Inc.	279	0948EFCE-69EF-4866-B25E-19AC06159158	2025-09-11 11:15:07.497	1500000	150000	International Security	BS	1983	Road	37000	3	T1	34
712	Another Sporting Goods Company	276	0945ECB3-8C14-4B65-90B9-9DB474085CE8	2025-09-11 11:15:07.497	1500000	150000	Guardian Bank	BS	1998	Road	37000	4+	T1	31
714	Discount Bicycle Specialists	277	4833DBBD-77DD-4855-882D-B5BB392F8D83	2025-09-11 11:15:07.497	1000000	100000	Primary International	BS	1971	Road	28000	4+	DSL	28
716	Famous Bike Sales and Service	275	DCB36C79-B15C-4A9E-A169-1490449EA59F	2025-09-11 11:15:07.497	1000000	100000	Reserve Security	BS	2001	Road	26000	4+	DSL	25
718	First Supplies	286	1B118FAE-776A-4756-92B0-A7937F0EDBAE	2025-09-11 11:15:07.497	1000000	100000	United Security	BS	1996	Touring	26000	4+	T1	22
720	Machines & Cycles Store	278	C5F81C18-5674-480B-8B7D-BC1608E21E8E	2025-09-11 11:15:07.497	800000	80000	International Bank	BS	1990	Touring	22000	2	T2	19
722	Pedals Warehouse	279	D2DC2451-E8F2-449B-B94C-F6729DCF110C	2025-09-11 11:15:07.497	800000	80000	Primary Bank & Reserve	BS	1984	Road	20000	2	T1	16
724	Two Wheels Cycle Store	276	A04E78FF-C151-4A8F-921C-1043C85BD74C	2025-09-11 11:15:07.497	800000	80000	International Security	BS	1978	Road	22000	2	T1	13
726	Westside Cycle Store	277	147F9060-DD41-4810-AB5B-2439C7816FEB	2025-09-11 11:15:07.497	800000	80000	Guardian Bank	BS	1972	Road	20000	4+	T1	10
728	Wholesale Bikes	275	57F096C7-5BC4-4F8C-9171-9E03246D5439	2025-09-11 11:15:07.497	1000000	100000	International Security	BS	1998	Road	27000	3	DSL	27
730	Very Best Sports Supply	288	5A0F3B85-4258-4219-B825-31195034C5C3	2025-09-11 11:15:07.497	1000000	100000	Guardian Bank	BS	1971	Road	28000	4+	DSL	28
732	Urban Sports Emporium	282	AC4CA540-5260-4333-818B-434F3FF000C5	2025-09-11 11:15:07.497	1000000	100000	Primary International	BS	2001	Road	24000	4+	DSL	29
734	Superlative Bikes	279	E2EFC4E8-5B3F-47E2-B0A6-BE0701B34A05	2025-09-11 11:15:07.497	1500000	150000	Reserve Security	BS	1996	Mountain	36000	4+	T1	30
736	Primary Cycle Shop	288	219ADF36-CF78-4841-B348-26C2ADFB518E	2025-09-11 11:15:07.497	1500000	150000	Reserve Security	BS	1977	Road	37000	4+	DSL	41
738	Sixth Bike Store	282	587834DE-CB5C-4C9F-870B-BEFE343B681B	2025-09-11 11:15:07.497	1500000	150000	United Security	BS	1985	Mountain	37000	2	T1	42
740	Touring Services	279	1BAA7F8A-C00A-441E-8D40-E06A4AEC1C43	2025-09-11 11:15:07.497	1500000	150000	International Bank	BS	1980	Road	38000	4+	DSL	43
742	Vehicle Shop	281	08CBC4A5-2BD2-46D5-B0E8-327387559092	2025-09-11 11:15:07.497	1500000	150000	Primary Bank & Reserve	BS	1988	Road	38000	2	DSL	44
744	First Department Stores	283	443E7B85-6E6E-440E-97C8-10075B6FBE4A	2025-09-11 11:15:07.497	1500000	150000	International Security	BS	1983	Mountain	38000	3	DSL	45
746	Grand Sport Boutique	275	96BA60F5-324C-467E-BF10-6259107DBD81	2025-09-11 11:15:07.497	1500000	150000	Guardian Bank	BS	1991	Road	39000	4+	T1	46
748	Major Equipment Co	288	7F68AF6F-23E9-456A-8EA9-69D130FA09FD	2025-09-11 11:15:07.497	1500000	150000	Primary International	BS	1986	Touring	37000	2	DSL	47
750	Custom Sales and Service	282	F6618771-CA58-4681-9F85-9E91D7BEAC23	2025-09-11 11:15:07.497	1500000	150000	Reserve Security	BS	1994	Road	39000	4+	DSL	48
752	Elemental Sporting Goods	279	52581C1D-2510-48AE-9E09-5DB1F7C96950	2025-09-11 11:15:07.497	1500000	150000	United Security	BS	1989	Mountain	41000	4+	T1	49
754	Distinctive Store	281	019E92AA-628C-4914-ACBC-D540E595E887	2025-09-11 11:15:07.497	1500000	150000	International Bank	BS	1997	Road	37000	4+	T1	46
756	Grand Cycle Store	283	1F40D1DE-0B48-436C-BF9E-AD6F31629FF3	2025-09-11 11:15:07.497	1500000	150000	Primary Bank & Reserve	BS	1992	Road	41000	2	DSL	43
758	Nearby Bike Mall	288	D2DF815B-B890-4A47-A396-D8FF91914356	2025-09-11 11:15:07.497	3000000	300000	United Security	OS	1983	Road	74000	2	DSL	87
760	Handy Bike Services	275	F4AE5E4F-8702-419B-9E8E-F82489669453	2025-09-11 11:15:07.497	3000000	300000	Reserve Security	OS	1975	Mountain	76000	4+	T1	88
762	Friendly Bike Shop	283	CCBA980D-AE01-49AC-AA30-8224225D900F	2025-09-11 11:15:07.497	3000000	300000	Primary International	OS	1980	Road	75000	2	DSL	89
764	Fashionable Bikes and Accessories	281	63427938-8DBB-470B-85D2-1B5CB62F9ED7	2025-09-11 11:15:07.497	3000000	300000	Guardian Bank	OS	1972	Mountain	76000	3	T1	90
766	Extreme Toy Store	279	DBE4A587-BD26-485B-94C3-B04E944627C9	2025-09-11 11:15:07.497	3000000	300000	International Security	OS	1977	Mountain	75000	2	DSL	91
768	Citywide Service and Repair	282	10069045-FE16-4EEF-BDF8-2AA907C8924D	2025-09-11 11:15:07.497	3000000	300000	Primary Bank & Reserve	OS	1987	Road	79000	3	DSL	92
770	Best Cycle Store	288	6A2DAF2A-19A5-42C5-8DC4-2038561C5AE3	2025-09-11 11:15:07.497	3000000	300000	International Bank	OS	1974	Touring	78000	4+	T1	93
772	Professional Sporting Goods	275	E0453AAA-7D26-4F08-B5AB-4DC265330CF2	2025-09-11 11:15:07.497	3000000	300000	United Security	OS	1974	Touring	78000	2	DSL	94
774	Rugged Bikes	283	623DB28F-60DA-49D6-B72D-1680AA5E6351	2025-09-11 11:15:07.497	3000000	300000	Reserve Security	OS	1980	Touring	77000	2	DSL	95
776	Principal Bike Company	281	9BBE2C3D-BE66-474E-BC4E-0EA19BF08DD5	2025-09-11 11:15:07.497	3000000	300000	Primary International	OS	1986	Road	79000	3	DSL	96
778	One-Piece Handle Bars	279	3159C810-9549-497F-8E2E-7E7DC7158751	2025-09-11 11:15:07.497	3000000	300000	Guardian Bank	OS	1992	Mountain	80000	3	T1	97
780	Finer Riding Supplies	282	943A2705-CE9C-47D6-8708-407BD239ED49	2025-09-11 11:15:07.497	3000000	300000	International Security	OS	1998	Road	78000	4+	DSL	98
782	Neighborhood Store	278	97A18A38-227D-4886-B711-7967AF5EBB8E	2025-09-11 11:15:07.497	3000000	300000	Primary International	OS	1983	Road	77000	2	DSL	87
784	Online Bike Catalog	286	DF376BCF-680E-4B1E-AA70-23DB54C6D129	2025-09-11 11:15:07.497	3000000	300000	Guardian Bank	OS	1975	Touring	74000	3	T2	88
786	Outdoor Equipment Store	275	4DCDF6F3-84A2-4407-973A-14AE73EB4E7F	2025-09-11 11:15:07.497	3000000	300000	International Security	OS	1980	Road	76000	4+	T2	89
788	Paint Supply	277	1229501B-B60C-41A9-97E6-8B1D13C568DE	2025-09-11 11:15:07.497	3000000	300000	Primary Bank & Reserve	OS	1972	Mountain	78000	4+	T1	90
790	Preferred Bikes	276	6AB9D50F-4181-4704-9B51-E558B491D82B	2025-09-11 11:15:07.497	3000000	300000	International Bank	OS	1977	Road	77000	4+	ISDN	91
792	Rally Day Mall	279	1D7C7AE9-7DF4-4B89-9A80-B224A2DD6B41	2025-09-11 11:15:07.497	3000000	300000	United Security	OS	1987	Road	75000	3	DSL	92
794	Rewarding Activities Company	278	B6D5B9BA-7304-4E4D-A78C-8FB8A66FBF4B	2025-09-11 11:15:07.497	3000000	300000	Reserve Security	OS	1974	Road	76000	4+	T1	93
796	Rich Department Store	286	B227CA7D-70A5-48A6-B099-E71B35D543DA	2025-09-11 11:15:07.497	3000000	300000	Primary International	OS	1974	Touring	76000	2	DSL	94
798	Sales and Supply Company	275	40EF14B1-9714-4765-9284-951D01A65EB2	2025-09-11 11:15:07.497	3000000	300000	Guardian Bank	OS	1980	Road	75000	2	T2	95
800	Stationary Bikes and Stands	277	B2FEDF01-27F1-4978-AC3D-0CF105185A33	2025-09-11 11:15:07.497	3000000	300000	International Security	OS	1986	Road	76000	4+	DSL	96
802	Successful Sales Company	280	A3D9586D-2EEC-4E39-B311-2880FCDEB536	2025-09-11 11:15:07.497	1500000	150000	Guardian Bank	BS	1997	Road	38000	3	T1	46
804	Downtown Hotel	281	19C5CCAF-6FDE-4F34-B10C-2155533C51F6	2025-09-11 11:15:07.497	3000000	300000	International Bank	OS	1986	Mountain	74000	4+	DSL	85
806	Certified Sports Supply	282	0F2C5152-8B95-41F8-B0A0-F6AF76DA98CB	2025-09-11 11:15:07.497	3000000	300000	United Security	OS	1978	Mountain	78000	4+	DSL	86
808	Registered Cycle Store	290	DEA4BEF9-A886-41E7-BE61-8D2618260863	2025-09-11 11:15:07.497	3000000	300000	Reserve Security	OS	1983	Mountain	77000	3	T1	87
810	Rampart Amusement Company	289	4D64A5FF-671A-4C93-A494-9FB5DC7C76B4	2025-09-11 11:15:07.497	3000000	300000	Primary International	OS	1975	Touring	75000	3	ISDN	88
812	Sundry Sporting Goods	282	89523B8A-763B-41DA-BF56-9ED59C0A1CBB	2025-09-11 11:15:07.497	300000	30000	Primary Bank & Reserve	BM	1984	Road	7000	4+	T2	5
814	Excellent Riding Supplies	279	C0D3F06B-DAC6-42B6-B3A2-9F69EF2E27E7	2025-09-11 11:15:07.497	300000	30000	International Security	BM	1979	Road	9000	3	ISDN	6
816	Farthermost Bike Shop	281	91A84292-1E38-4DED-91EE-9BFAA1DD3DEA	2025-09-11 11:15:07.497	300000	30000	Guardian Bank	BM	1987	Road	8000	3	T1	7
818	Suburban Cycle Shop	283	B3504BB0-308C-4D26-8E0A-ECE43FE55A20	2025-09-11 11:15:07.497	300000	30000	Primary International	BM	1982	Mountain	10000	3	DSL	8
820	Weekend Tours	275	4CFE3BD5-98F1-4E4A-90DF-9DECF1CE042B	2025-09-11 11:15:07.497	300000	30000	Reserve Security	BM	1990	Road	9000	AW	DSL	9
822	Racing Bike Outlet	283	BF71F3BC-449F-418B-A0B3-C9F070365CF3	2025-09-11 11:15:07.497	3000000	300000	United Security	OS	1998	Road	72000	2	DSL	52
824	Utilitarian Sporting Goods	281	9F37EB77-80E4-4FFC-A5DC-3B1808D9AF72	2025-09-11 11:15:07.497	3000000	300000	Reserve Security	OS	1999	Touring	72000	3	DSL	55
826	Bike Goods 	279	DB843B5D-DF3D-44BA-B4EF-81DCAE29CB93	2025-09-11 11:15:07.497	3000000	300000	Primary International	OS	1999	Road	73000	4+	T2	58
828	Vigorous Exercise Company	282	9A4119A4-E158-4754-93A3-BAB22274440F	2025-09-11 11:15:07.497	3000000	300000	Guardian Bank	OS	1979	Mountain	72000	2	T1	61
830	Showcase for Cycles	288	04DCAA69-AD7B-43C7-B149-E6FE2604D27E	2025-09-11 11:15:07.497	3000000	300000	International Security	OS	1996	Road	71000	2	T1	64
832	Lease-a-Bike Shop	275	58C02EAC-D3FD-4A79-B077-20C999B88A54	2025-09-11 11:15:07.497	3000000	300000	Primary Bank & Reserve	OS	1991	Road	71000	3	ISDN	67
834	Functional Store South	288	0D5C741D-A691-4732-93A3-D34ED0ED3716	2025-09-11 11:15:07.497	3000000	300000	International Bank	OS	1993	Mountain	71000	2	DSL	70
836	Active Cycling	275	1E3DFF09-7E5C-49BD-B8B1-D0A2E1523BF6	2025-09-11 11:15:07.497	3000000	300000	United Security	OS	1998	Road	73000	4+	DSL	73
838	Stock Parts and Supplies	283	ED67B7EC-A2A1-4F0B-9959-1BCD1C7E8B36	2025-09-11 11:15:07.497	3000000	300000	Reserve Security	OS	1990	Touring	76000	2	DSL	76
840	Roadway Supplies	281	DD1CEEF8-3E77-4D8E-B420-48ACBA0A9651	2025-09-11 11:15:07.497	3000000	300000	Primary International	OS	1995	Road	73000	4+	DSL	79
842	Sensational Discount Store	279	56795063-F8C7-4550-8A37-357D91CB7C96	2025-09-11 11:15:07.497	3000000	300000	Guardian Bank	OS	1987	Road	73000	2	T1	80
844	Future Bikes	282	95A0E002-F4F0-4B42-AB6F-860C02405A6D	2025-09-11 11:15:07.497	3000000	300000	Guardian Bank	OS	1992	Road	74000	3	DSL	81
846	Super Sports Store	275	A7B14C08-DB02-4182-ABBD-25DAA3DBA7F2	2025-09-11 11:15:07.497	3000000	300000	Primary Bank & Reserve	OS	1999	Road	78000	2	DSL	100
848	Satin Finish Company	277	24803781-0ABD-47F6-A88C-C5FAE0EAA3F7	2025-09-11 11:15:07.497	3000000	300000	International Bank	OS	1979	Mountain	74000	2	T1	66
850	Regional Manufacturing	281	164611B2-0B8A-4BCB-92BA-A7224089C518	2025-09-11 11:15:07.497	1500000	150000	Primary Bank & Reserve	OS	1974	Mountain	38000	4+	DSL	40
852	Original Bicycle Supply Company	282	093A9472-B613-4214-9C41-4D707CFC38C0	2025-09-11 11:15:07.497	1500000	150000	International Bank	OS	1980	Mountain	38000	4+	T1	43
854	First Center	290	2A96F5EA-199D-4B7B-B491-AF05FA0EDD2E	2025-09-11 11:15:07.497	1500000	150000	United Security	OS	1986	Mountain	39000	2	T2	46
856	Action Bicycle Specialists	289	1D624DC8-9EBE-4ACB-81C8-90F0B474B64F	2025-09-11 11:15:07.497	1500000	150000	Reserve Security	OS	1992	Touring	40000	2	DSL	49
858	Roadway Bike Emporium	280	10F49B6A-8815-4B0C-AA31-F22972741D88	2025-09-11 11:15:07.497	3000000	300000	Primary International	OS	1998	Touring	68000	3	T1	52
860	Sleek Bikes 	277	50684A79-632B-4A17-98F1-B09997E57EC2	2025-09-11 11:15:07.497	3000000	300000	Guardian Bank	OS	1999	Touring	70000	3	DSL	55
862	Retail Sporting Equipment	281	7C69A372-2100-4D34-9C59-9645AF5465F0	2025-09-11 11:15:07.497	3000000	300000	International Security	OS	1999	Mountain	72000	4+	T1	58
864	Price-Cutter Discount Bikes	282	5EF7F44B-42FC-4B7D-A1D3-FDF2F906AAC1	2025-09-11 11:15:07.497	3000000	300000	Primary Bank & Reserve	OS	1979	Road	70000	4+	DSL	61
866	Brand New Bikes	290	43A5E3FD-0886-44E3-9640-772616D463B7	2025-09-11 11:15:07.497	3000000	300000	International Bank	OS	1996	Road	73000	4+	ISDN	64
868	Central Bicycle Specialists	289	C87ACCFE-02F1-4ECB-8759-D418E0DF29EA	2025-09-11 11:15:07.497	3000000	300000	United Security	OS	1991	Touring	71000	2	DSL	67
870	Vast Bike Sales and Rental	280	C8C03798-FEE6-49E1-A112-4F128F7F45B7	2025-09-11 11:15:07.497	3000000	300000	Reserve Security	OS	1993	Mountain	73000	4+	ISDN	70
872	Summer Sports Place	277	4FF928F2-D314-455B-B00D-DE870E399850	2025-09-11 11:15:07.497	3000000	300000	Primary International	OS	1998	Mountain	73000	3	T2	73
874	Real Sporting Goods	281	6CBA3BFD-AF5C-4EAC-9F80-7B57DFE9FE5A	2025-09-11 11:15:07.497	3000000	300000	Guardian Bank	OS	1990	Mountain	72000	3	DSL	76
876	Versatile Sporting Goods Company	288	D41BA195-3DA6-42FB-8522-44A96DACB956	2025-09-11 11:15:07.497	3000000	300000	Primary Bank & Reserve	OS	1996	Road	74000	2	DSL	64
878	Bicycle Outfitters	275	EFDF9B24-7A68-42EB-949B-9AA87C7AF9D9	2025-09-11 11:15:07.497	3000000	300000	International Bank	OS	1991	Road	72000	3	DSL	67
880	The Bike Shop	283	EA9810DB-8F73-44E8-B65A-D148F62BF63A	2025-09-11 11:15:07.497	3000000	300000	United Security	OS	1993	Mountain	73000	3	T1	70
882	Safe Toys	281	3B49BA13-2F39-4481-8153-AD709211834E	2025-09-11 11:15:07.497	3000000	300000	Reserve Security	OS	1998	Mountain	74000	2	T1	73
884	Qualified Sales and Repair Services	279	08A0EB56-A881-488F-A408-237A07EE87AD	2025-09-11 11:15:07.497	3000000	300000	Primary International	OS	1990	Road	75000	4+	DSL	76
886	Our Sporting Goods Store	282	AE7B0459-93B0-401B-8128-6C0B3EE154FC	2025-09-11 11:15:07.497	3000000	300000	Guardian Bank	OS	1995	Road	76000	4+	DSL	79
888	Lustrous Paints and Components	288	2E909F37-9D27-4090-B40F-148B648B0ABF	2025-09-11 11:15:07.497	3000000	300000	International Security	OS	1987	Road	77000	4+	T1	80
890	Expert Sports Store	275	6F2A7D51-BFF7-4D84-8066-642554A19D3A	2025-09-11 11:15:07.497	3000000	300000	Primary Bank & Reserve	OS	1992	Mountain	77000	3	T1	81
892	Coho Sports	283	1DDBBF6F-BC85-45DF-8798-ACB47864BC13	2025-09-11 11:15:07.497	3000000	300000	International Bank	OS	1984	Mountain	75000	3	T2	82
894	Jumbo Bikes	286	63B27F51-853D-44C5-87A7-1F798D0712C4	2025-09-11 11:15:07.497	1500000	150000	United Security	BS	1977	Touring	39000	2	DSL	41
896	Quick Delivery Service	278	5F287EDA-9256-45D0-8C10-E8E73BF0AF34	2025-09-11 11:15:07.497	1500000	150000	International Bank	BS	1985	Mountain	37000	4+	T3	42
898	Tough and Reliable Parts	279	5D8FDD67-754E-4233-A726-7C2273E72D9D	2025-09-11 11:15:07.497	1500000	150000	Primary Bank & Reserve	BS	1980	Road	40000	3	DSL	43
900	Basic Sports Equipment	276	F848FDFB-B867-4628-B5D9-1DF6137103E1	2025-09-11 11:15:07.497	1500000	150000	International Security	BS	1988	Mountain	38000	3	DSL	44
902	Cash & Carry Bikes	277	2C9C648C-3DC1-47DF-937D-EE53001FFC34	2025-09-11 11:15:07.497	1500000	150000	Guardian Bank	BS	1983	Mountain	39000	2	DSL	45
904	Convenient Bike Shop	275	060B2E02-67A3-493E-AC3A-C2A7851498FD	2025-09-11 11:15:07.497	1500000	150000	Primary International	BS	1991	Road	38000	3	T2	46
906	Fitness Bike Accessories	286	132EF67C-F056-4245-8617-03DA1B1DA9B4	2025-09-11 11:15:07.497	1500000	150000	Reserve Security	BS	1986	Touring	39000	3	T1	47
908	General Bike Corporation	278	990C7FDD-84F7-4910-B140-7BEFC410DFF2	2025-09-11 11:15:07.497	1500000	150000	United Security	BS	1994	Road	38000	4+	DSL	48
910	Quitting Business Distributors	279	F09339A6-110A-421E-9C64-06BC99A96FE9	2025-09-11 11:15:07.497	1500000	150000	International Bank	BS	1989	Touring	40000	2	ISDN	49
912	Retail Cycle Shop	276	7E6CDD50-3AE0-442B-93FF-92E0D7561391	2025-09-11 11:15:07.497	1500000	150000	Primary Bank & Reserve	BS	1997	Mountain	38000	3	T1	46
914	Social Activities Club	277	46FAB6E6-5FB5-4131-B7CD-1DA4D7FFD16F	2025-09-11 11:15:07.497	1500000	150000	International Security	BS	1992	Road	39000	4+	T2	43
916	Blue Bicycle Company	275	EDD3982F-5DF1-4E35-8DEB-CF85796257E4	2025-09-11 11:15:07.497	1500000	150000	Guardian Bank	BS	1995	Road	36000	4+	DSL	40
918	Expert Cycle Store	286	111A9AF9-D7D1-4685-A091-D815DFABB800	2025-09-11 11:15:07.497	1500000	150000	Primary International	BS	1995	Touring	38000	4+	DSL	37
920	General Riding Supplies	278	B2340407-6A5B-4ECA-891A-B59DBEEC8049	2025-09-11 11:15:07.497	1500000	150000	Reserve Security	BS	1983	Mountain	36000	3	DSL	34
922	Parts Shop	279	42964898-0530-4811-9E7B-4DA71AC9E21A	2025-09-11 11:15:07.497	1500000	150000	United Security	BS	1998	Road	38000	3	T3	31
924	Riding Excursions	276	642126C4-B893-460A-B8FD-0A041447ECC4	2025-09-11 11:15:07.497	1000000	100000	International Bank	BS	1971	Road	27000	4+	T1	28
926	Unique Bikes	277	424B0C7D-36B5-4D83-8B83-D346726BC960	2025-09-11 11:15:07.497	1000000	100000	Primary Bank & Reserve	BS	2001	Mountain	27000	3	DSL	25
928	Rural Cycle Emporium	282	59DEAE0A-7B98-4B25-9431-1BE36365167F	2025-09-11 11:15:07.497	800000	80000	Primary International	BM	1988	Mountain	21000	4+	DSL	11
930	Associated Bikes	281	22E7C8DD-5FEB-4B87-ABF2-D87BC0AA4695	2025-09-11 11:15:07.497	300000	30000	Reserve Security	BM	1982	Mountain	7000	3	DSL	8
932	Modular Cycle Systems	277	A232DAE8-2411-4FDC-BBB2-6EB5F547986B	2025-09-11 11:15:07.497	300000	30000	United Security	BM	1976	Road	6000	2	DSL	5
934	A Bike Store	280	80B15702-DF20-4DF9-876C-2CF1C3978D39	2025-09-11 11:15:07.497	300000	30000	International Bank	BM	1970	Road	7000	AW	T1	2
936	Journey Sporting Goods	277	F2AC714E-6E3E-4D55-AC9D-EA0FFA700BBB	2025-09-11 11:15:07.497	800000	80000	Primary Bank & Reserve	BM	1996	Mountain	21000	3	DSL	13
938	Two Bike Shops	280	3F8D0676-B72E-4BFC-B90E-CEADE5B51CDE	2025-09-11 11:15:07.497	800000	80000	International Security	BM	1991	Road	20000	3	T1	14
940	Cycles Wholesaler & Mfg.	289	B634AE55-E758-4184-BD40-6F0EEC1EE566	2025-09-11 11:15:07.497	800000	80000	Guardian Bank	BM	1999	Touring	21000	4+	T2	15
942	Wheels Inc.	290	7D98C7C7-C155-482E-A2B2-918964A02A05	2025-09-11 11:15:07.497	800000	80000	Primary International	BM	1994	Road	19000	4+	T1	16
944	Number One Bike Co.	289	6F9F5165-4E33-484E-8062-DA66D67674B2	2025-09-11 11:15:07.497	1500000	150000	Guardian Bank	BS	1982	Road	40000	4+	T1	40
946	Racing Supply Distributors	290	1BCAD975-F366-4870-9F27-67F8E0443BFC	2025-09-11 11:15:07.497	1500000	150000	Primary International	BS	1977	Touring	38000	3	DSL	41
948	Standard Bikes	282	5652E775-8192-4ED3-9DA0-979A1FCB2071	2025-09-11 11:15:07.497	1500000	150000	Reserve Security	BS	1985	Mountain	38000	4+	DSL	42
950	The Bicycle Accessories Company	281	A91F242F-E7AE-4B00-ABC6-037B9E740D9D	2025-09-11 11:15:07.497	1500000	150000	United Security	BS	1980	Road	37000	4+	T1	43
952	Active Systems	277	DC414650-F329-4888-A3EA-AD5F4BB3C082	2025-09-11 11:15:07.497	1500000	150000	International Bank	BS	1988	Road	39000	4+	T1	44
954	Futuristic Sport Distributors	281	6DA7B1D1-17B5-4382-A9D4-FBE204B9C8DF	2025-09-11 11:15:07.497	3000000	300000	Primary Bank & Reserve	OS	1974	Road	78000	3	DSL	94
956	Finer Sales and Service	282	00A7E190-D705-4791-AAB5-AD218497DD06	2025-09-11 11:15:07.497	3000000	300000	International Bank	OS	1980	Road	77000	4+	T2	95
958	Big-Time Bike Store	281	059B53A3-3394-433B-B916-97265D5A95C5	2025-09-11 11:15:07.497	3000000	300000	United Security	OS	1986	Road	80000	4+	DSL	96
960	The Showroom	282	AF96A1EF-F280-411E-BE2F-063A000DC162	2025-09-11 11:15:07.497	3000000	300000	Reserve Security	OS	1992	Road	79000	4+	DSL	97
962	Spa and Exercise Outfitters	290	6FE30ABE-390E-41BB-A85F-82279AA39245	2025-09-11 11:15:07.497	3000000	300000	Primary International	OS	1998	Mountain	79000	4+	T1	98
964	Year-Round Sports	283	FAE5ED78-BCFC-44FB-9D14-1207978FD56D	2025-09-11 11:15:07.497	3000000	300000	United Security	OS	1979	Mountain	75000	4+	DSL	66
966	The New Bike Store	276	6E52EF1B-0C2A-447D-B182-EFF74A256E57	2025-09-11 11:15:07.497	1500000	150000	International Bank	OS	1974	Road	37000	4+	DSL	40
968	Resident Cycle Shop	279	3D1FABE2-11EE-46EB-A6D2-0DFA11EF96CA	2025-09-11 11:15:07.497	1500000	150000	United Security	OS	1980	Mountain	38000	4+	DSL	43
970	Primary Bike Distributors	278	1B520861-7D47-4BB2-96EE-4ACD2B54ED5E	2025-09-11 11:15:07.497	1500000	150000	Reserve Security	OS	1986	Road	39000	4+	T1	46
972	Major Bicycle Store	286	1589E17F-1B07-411A-8938-6BCEC7D3140F	2025-09-11 11:15:07.497	1500000	150000	Primary International	OS	1992	Touring	41000	4+	T1	49
974	Leather and Vinyl Manufacturing	275	5EFF72C4-6EA5-4CDC-8D14-017265283388	2025-09-11 11:15:07.497	3000000	300000	Guardian Bank	OS	1998	Road	68000	2	DSL	52
976	Genial Bike Associates	277	8BC88E7C-8F45-4B76-83CF-2B3B4748DE76	2025-09-11 11:15:07.497	3000000	300000	International Security	OS	1999	Mountain	70000	4+	T1	55
978	Commercial Sporting Goods	281	835873E3-6C31-4F68-BDE5-C9DB54ADA0F6	2025-09-11 11:15:07.497	3000000	300000	Reserve Security	OS	1979	Mountain	74000	3	DSL	61
980	Wholesale Parts	282	D32D0B60-2A92-4F48-8B49-817466BD7DBD	2025-09-11 11:15:07.497	3000000	300000	Primary International	OS	1996	Road	70000	4+	DSL	64
982	Steel Inc.	290	5F9911F5-04FB-4288-801B-4AF1E9EF19B0	2025-09-11 11:15:07.497	3000000	300000	Guardian Bank	OS	1991	Road	74000	4+	T1	67
984	Riding Cycles	289	A631B7D3-4ADA-4D5C-A985-6DFF7A8066BE	2025-09-11 11:15:07.497	3000000	300000	International Security	OS	1993	Road	74000	3	ISDN	70
986	Metro Manufacturing	282	682059C4-DE55-43F6-8754-1A232DF99FA4	2025-09-11 11:15:07.497	1500000	150000	International Security	BS	1977	Mountain	36000	4+	DSL	41
988	Manufacturers Inc	279	349C5E18-0492-4FF2-B3B6-CE2C5277D948	2025-09-11 11:15:07.497	1500000	150000	Guardian Bank	BS	1985	Road	39000	3	DSL	42
990	Locks Company	281	167623C3-B88E-4AEE-A7D2-FE88D197E6CC	2025-09-11 11:15:07.497	1500000	150000	Primary International	BS	1980	Touring	40000	4+	DSL	43
992	Latest Accessories Sales	283	D9BF3762-B599-4D99-B065-6944631FEBA3	2025-09-11 11:15:07.497	1500000	150000	Reserve Security	BS	1988	Road	38000	4+	T1	44
994	Incomparable Bicycle Store	275	3385D478-6DC8-4126-B198-868A7EC06851	2025-09-11 11:15:07.497	1500000	150000	United Security	BS	1983	Touring	41000	2	DSL	45
996	Hometown Riding Supplies	288	BBA21530-CA9C-498E-BDA9-F5B62F8C8525	2025-09-11 11:15:07.497	1500000	150000	International Bank	BS	1991	Mountain	38000	4+	T1	46
998	Greater Bike Store	282	AAE55B33-B3DB-4F4F-8647-1FA93573A847	2025-09-11 11:15:07.497	1500000	150000	Primary Bank & Reserve	BS	1986	Mountain	39000	3	ISDN	47
1000	Games and Sport Supply Company	279	15A3600A-31AE-4603-AE82-2199CEEAD5EB	2025-09-11 11:15:07.497	1500000	150000	International Security	BS	1994	Touring	42000	4+	DSL	48
1002	Distant Inn	281	4F48780D-71DF-4523-9B4E-1C234EA699DF	2025-09-11 11:15:07.497	1500000	150000	Guardian Bank	BS	1989	Road	38000	4+	DSL	49
1004	Finer Mart	283	9DE8D05E-04B5-4BE1-AC7E-8AC22EC04329	2025-09-11 11:15:07.497	1500000	150000	Primary International	BS	1997	Touring	38000	3	DSL	46
1006	Economic Parts Supply	275	66BC65DF-A24E-4B78-AB1D-F680C4A75451	2025-09-11 11:15:07.497	1500000	150000	Reserve Security	BS	1992	Road	40000	4+	T1	43
1008	Precision Gears Inc.	288	FB89AC44-0CF5-45D1-928E-1BEEECE05ABF	2025-09-11 11:15:07.497	1500000	150000	United Security	BS	1995	Road	38000	3	DSL	40
1010	Cross-Country Riding Supplies	282	55B8CE76-1C6A-4181-83CF-786C60CEE77F	2025-09-11 11:15:07.497	1500000	150000	International Bank	BS	1995	Mountain	36000	3	T2	37
1012	Stylish Department Stores	279	062A2EB8-9B1D-4FDF-A627-3E45F76D2096	2025-09-11 11:15:07.497	1500000	150000	Primary Bank & Reserve	BS	1983	Road	39000	3	T1	34
1014	Bike World	281	17906B3F-7EA8-4B87-A60E-278DF291A580	2025-09-11 11:15:07.497	1500000	150000	International Security	BS	1998	Mountain	35000	4+	T1	31
1016	Central Discount Store	283	58BF407A-5F67-4228-B4EB-B11C91C1C003	2025-09-11 11:15:07.497	1000000	100000	Guardian Bank	BS	1971	Mountain	25000	4+	T1	28
1018	Trusted Catalog Store	275	3C3D1D16-DEFE-412F-B4BF-0935E366DFF2	2025-09-11 11:15:07.497	1000000	100000	Primary International	BS	2001	Mountain	25000	4+	T1	25
1020	Bicycle Warehouse Inc.	288	ADB7B98C-4E19-415D-AECA-D579B328E760	2025-09-11 11:15:07.497	1000000	100000	Reserve Security	BS	1996	Mountain	26000	4+	ISDN	22
1022	Sharp Bikes	282	1F1EBDC9-2874-4A7E-BE41-1127CBEC7870	2025-09-11 11:15:07.497	800000	80000	United Security	BS	1990	Mountain	19000	AW	DSL	19
1024	Exemplary Cycles	279	AB2AB66C-9002-4A91-96C9-2E9CB0881E96	2025-09-11 11:15:07.497	800000	80000	International Bank	BS	1984	Touring	20000	AW	ISDN	16
1026	Metropolitan Sports Supply	281	058DEA7C-58FD-42E5-A199-B19C669E985C	2025-09-11 11:15:07.497	800000	80000	Primary Bank & Reserve	BS	1978	Road	21000	4+	T2	13
1028	Progressive Sports	283	E88B2A4C-72D3-4818-9F94-C59633D66CE8	2025-09-11 11:15:07.497	800000	80000	International Security	BS	1972	Mountain	18000	3	T1	10
1030	Underglaze and Finish Company	279	4008C49C-584E-432F-82E9-F224AB5772F1	2025-09-11 11:15:07.497	800000	80000	Reserve Security	BM	1993	Road	18000	AW	T1	11
1032	Brakes and Gears	276	5E3FD434-3D79-4ECD-AB34-AF321EE2CFE7	2025-09-11 11:15:07.497	800000	80000	United Security	BM	1988	Mountain	18000	AW	DSL	12
1034	The Accessories Store	277	69DEB656-1602-4D6E-AE60-D50A8B3AFFFD	2025-09-11 11:15:07.497	800000	80000	International Bank	BM	1996	Road	18000	2	DSL	13
1036	Mountain Bike Store	275	65B0D467-0550-4230-9EFF-D931A786F5C2	2025-09-11 11:15:07.497	800000	80000	Primary Bank & Reserve	BM	1991	Touring	22000	4+	DSL	14
1038	Bike Part Wholesalers	286	2D5CE5AD-8CFD-41EE-87DE-767E09312450	2025-09-11 11:15:07.497	800000	80000	International Security	BM	1999	Touring	21000	3	T2	15
1040	Family Cycle Store	278	75A4C312-100C-4F7E-AE2E-CC57EA12F51D	2025-09-11 11:15:07.497	800000	80000	Guardian Bank	BM	1994	Mountain	18000	4+	DSL	16
1042	Popular Bike Lines	286	ED883C76-170D-4FB9-A277-295D39D3EAF9	2025-09-11 11:15:07.497	800000	80000	Primary International	BM	1987	Touring	20000	4+	T1	17
1044	Superb Sales and Repair	278	82AAF249-D8A7-427C-91E3-C7D2688A9D57	2025-09-11 11:15:07.497	800000	80000	Reserve Security	BM	1997	Road	19000	3	DSL	18
1046	Better Bike Shop	279	C5516152-8D15-438F-87F3-E29517E462D9	2025-09-11 11:15:07.497	800000	80000	United Security	BM	1975	Mountain	19000	4+	DSL	19
1048	Countryside Company	276	A7C471A1-1176-4335-BC85-7E89523939DD	2025-09-11 11:15:07.497	1000000	100000	International Bank	BM	2000	Mountain	26000	2	ISDN	20
1050	First Bike Store	277	8967EC04-4782-47A0-BC0C-5FDECE06B1B5	2025-09-11 11:15:07.497	800000	80000	Primary Bank & Reserve	BM	2000	Road	21000	3	DSL	17
1052	Traditional Department Stores	275	177C4CFC-F9DF-44B9-B78C-DD01FADB28D8	2025-09-11 11:15:07.497	800000	80000	International Security	BM	1994	Mountain	18000	2	T1	14
1054	Eastside Cycle Shop	286	FE68DFF4-1D4E-429E-B384-9C1DB41A605E	2025-09-11 11:15:07.497	800000	80000	Guardian Bank	BM	1988	Touring	21000	2	T1	11
1056	General Department Stores	278	1C035FDB-8781-4E4C-9C4E-9CB3AE7B45A9	2025-09-11 11:15:07.497	300000	30000	Primary International	BM	1982	Mountain	11000	3	DSL	8
1058	Mass Market Bikes	286	19E26B49-51B1-4094-AC2F-B325616F2E02	2025-09-11 11:15:07.497	300000	30000	Reserve Security	BM	1976	Touring	7000	AW	DSL	5
1060	Operational Manufacturing	278	43FCE0D5-7A1B-4316-8C1C-58B9ACC57FA2	2025-09-11 11:15:07.497	300000	30000	United Security	BM	1970	Mountain	8000	3	DSL	2
1062	Online Bike Warehouse	282	4322AFFF-BFB8-430F-894A-C94B2D2D73FE	2025-09-11 11:15:07.497	800000	80000	Primary International	BM	1997	Road	21000	4+	ISDN	17
1064	Retread Tire Company	279	A6AEBD0A-7C1F-4792-BC55-D001FE04B4E1	2025-09-11 11:15:07.497	800000	80000	Reserve Security	BM	1975	Road	20000	2	T1	18
1066	Small Bike Shop	281	1B5C94C6-7689-4487-9929-AD16B7E19F75	2025-09-11 11:15:07.497	800000	80000	United Security	BM	2000	Mountain	23000	4+	T1	19
1068	Superior Hardware Distributors	283	C8C746DE-FC58-4C58-ABC1-31E1375BE48D	2025-09-11 11:15:07.497	1000000	100000	International Bank	BM	2000	Mountain	25000	2	T1	20
1070	Fitness Sport Boutique	275	954F80AA-5BD2-41A1-AB34-BB402AAC37D9	2025-09-11 11:15:07.497	800000	80000	Primary Bank & Reserve	BM	1994	Mountain	23000	2	DSL	18
1072	Producer Goods Clearinghouse	288	9567E707-7FB8-40B2-A57A-332C6B2E8B1E	2025-09-11 11:15:07.497	800000	80000	International Security	BM	1988	Road	22000	4+	T1	16
1074	Recreation Systems	275	CBD5D92A-3CFF-40B0-9214-B0D337BE2A75	2025-09-11 11:15:07.497	800000	80000	Guardian Bank	BM	1982	Road	20000	4+	DSL	14
1076	Rustic Bike Store	288	04AE6EB5-BEA3-419F-96D6-71E6551D1993	2025-09-11 11:15:07.497	800000	80000	Primary International	BM	1976	Touring	19000	4+	DSL	12
1078	Eastside Parts Shop	282	3298C70D-BC74-430A-9549-D292191C3F16	2025-09-11 11:15:07.497	800000	80000	Reserve Security	BM	1970	Touring	17000	AW	DSL	10
1080	Exchange Parts Inc.	279	0D350025-A81C-4AEC-A713-E536E2F66AC8	2025-09-11 11:15:07.497	300000	30000	United Security	BM	1975	Touring	9000	4+	T2	8
1082	First Cycle Store	281	4C5F9B1E-83E9-4067-A5F0-2888BDB08D29	2025-09-11 11:15:07.497	300000	30000	International Bank	BM	1970	Road	9000	AW	T2	6
1084	Running and Cycling Gear	283	40DE80D3-D91F-43A0-B962-A2BD4FB0C795	2025-09-11 11:15:07.497	300000	30000	Primary Bank & Reserve	BM	1978	Touring	7000	3	T2	4
1086	Seventh Bike Store	275	89522A3F-A2DD-4EAE-9666-542B61E42324	2025-09-11 11:15:07.497	300000	30000	International Security	BM	1973	Road	10000	AW	DSL	2
1088	Fast Services	288	CD687AD1-A0A3-4CCF-96B3-649B975417B0	2025-09-11 11:15:07.497	300000	30000	Guardian Bank	BM	1981	Road	9000	3	DSL	3
1090	General Associates	279	97137436-9322-45A0-9EBA-19B7F5C4FE6C	2025-09-11 11:15:07.497	300000	30000	Primary International	BM	1976	Road	9000	2	T1	4
1092	Good Toys	276	045E0EB6-756C-48FE-B923-18E892DD964A	2025-09-11 11:15:07.497	300000	30000	Reserve Security	BM	1984	Road	9000	3	T1	5
1094	Little Bicycle Supply Shop	277	35C9AF15-98E7-4CCB-9EDC-EF873BA38DC6	2025-09-11 11:15:07.497	300000	30000	United Security	BM	1979	Road	11000	4+	DSL	6
1096	Retail Toy Store	279	01351A38-0674-4191-918D-3C10B5932E8A	2025-09-11 11:15:07.497	300000	30000	International Bank	BM	1987	Road	8000	4+	T1	7
1098	Strenuous Exercise Shop	276	1489097D-7481-405D-BC93-4274CB5E6A82	2025-09-11 11:15:07.497	300000	30000	Primary Bank & Reserve	BM	1982	Mountain	7000	4+	T2	8
1100	All Seasons Sports Supply	277	1CE3C3B7-C33D-4196-95DB-4E8FCFDA715F	2025-09-11 11:15:07.497	300000	30000	International Security	BM	1990	Touring	10000	AW	DSL	9
1102	Leisure Clearing House	289	CED2BA1E-25A2-43B2-8BBB-C5CC4FB0B9FD	2025-09-11 11:15:07.497	800000	80000	Guardian Bank	BM	1970	Road	20000	2	DSL	10
1104	Outdoor Toy Store	290	5ED195D0-4019-4B98-A276-CEA761D6E933	2025-09-11 11:15:07.497	300000	30000	Primary International	BM	1975	Mountain	8000	3	ISDN	8
1106	The Commissary	282	85BA2EBE-8759-453C-9F7D-8F0B955577BE	2025-09-11 11:15:07.497	300000	30000	Reserve Security	BM	1970	Road	9000	3	DSL	6
1108	Affordable Sports Equipment	281	09B525A2-191F-4431-B202-835C65AC0EA7	2025-09-11 11:15:07.497	300000	30000	United Security	BM	1978	Road	8000	AW	DSL	4
1110	Local Sales and Rental	277	07833647-BA03-4D2A-AE63-92FD82FC6526	2025-09-11 11:15:07.497	300000	30000	International Bank	BM	1973	Touring	10000	2	DSL	2
1112	Economy Center	282	DEF1343E-CA6A-4577-ACE2-3F644E2881BA	2025-09-11 11:15:07.497	1500000	150000	International Bank	BS	1998	Mountain	35000	4+	T2	31
1114	Community Department Stores	290	C242EAB7-79F4-4E3C-A7DB-48EF7F66753E	2025-09-11 11:15:07.497	1500000	150000	United Security	BS	1983	Mountain	36000	3	T2	34
1116	Area Sheet Metal Supply	289	0FECA845-86DB-4048-911A-1C97EE5E3E2A	2025-09-11 11:15:07.497	1500000	150000	Reserve Security	BS	1995	Road	36000	4+	T2	37
1118	Synthetic Materials Manufacturing	280	634A228B-5268-4789-A687-182151058D39	2025-09-11 11:15:07.497	1500000	150000	Primary International	BS	1995	Road	39000	2	DSL	40
1120	Rural Sales and Service	277	3874BE34-898F-424C-BABB-E6929D6DB0F8	2025-09-11 11:15:07.497	1500000	150000	Guardian Bank	BS	1992	Road	37000	3	DSL	43
1122	Tubeless Tire Company	289	C4183BAC-64C2-49CF-A308-FDA09F500EEF	2025-09-11 11:15:07.497	3000000	300000	International Bank	OS	1980	Touring	75000	4+	DSL	89
1124	Tires and Tubes	280	88CEECEE-7AD3-42E7-9F75-0F5A397083AE	2025-09-11 11:15:07.497	3000000	300000	United Security	OS	1972	Mountain	79000	4+	T2	90
1126	Hardware Components	277	F1587A33-543D-4CBA-950B-E97E0BFE90DF	2025-09-11 11:15:07.497	3000000	300000	Reserve Security	OS	1977	Mountain	75000	2	T1	91
1128	Retail Sporting Goods	281	09A0D120-26D6-45FF-87A7-D5D5CF9A0B71	2025-09-11 11:15:07.497	3000000	300000	Primary International	OS	1987	Road	78000	4+	DSL	92
1130	Efficient Cycling	282	DE0AA7AE-3063-40F5-B0C1-9112B1707A99	2025-09-11 11:15:07.497	3000000	300000	Guardian Bank	OS	1974	Touring	77000	3	DSL	93
1132	General Industries	282	B51EE310-8AAD-4DF2-A5CB-5C452B68BBFE	2025-09-11 11:15:07.497	1500000	150000	Primary International	BS	1994	Road	42000	4+	T1	48
1134	Highway Bike Shop	281	C4E0BA14-3A94-4DE8-BFA6-CC77754EBEE3	2025-09-11 11:15:07.497	1500000	150000	Reserve Security	BS	1989	Road	40000	2	DSL	49
1136	Rental Bikes	277	995A09E7-7E7F-4B24-B493-FB70D5B83828	2025-09-11 11:15:07.497	1500000	150000	United Security	BS	1997	Road	40000	4+	T1	46
1138	Roving Sports	280	0E845A5C-66B0-4979-B65C-5887A58614A6	2025-09-11 11:15:07.497	1500000	150000	International Bank	BS	1992	Road	41000	3	ISDN	43
1140	Express Bike Services	289	EB0F662C-8D87-454E-ABAD-0CBBB847C171	2025-09-11 11:15:07.497	1500000	150000	Primary Bank & Reserve	BS	1995	Mountain	38000	4+	DSL	40
1142	Major Amusement Company	290	A37F70D2-4AA8-4C29-A3F4-00D238DD9628	2025-09-11 11:15:07.497	1500000	150000	International Security	BS	1995	Mountain	36000	4+	DSL	37
1144	Retail Discount Store	282	841949ED-FE89-4FC6-9E24-605ADF88B9CD	2025-09-11 11:15:07.497	1500000	150000	Guardian Bank	BS	1983	Road	37000	3	T1	34
1146	Vale Riding Supplies	281	8B93DBA7-7742-42AB-81C1-91FFC3B713CB	2025-09-11 11:15:07.497	1500000	150000	Primary International	BS	1998	Touring	37000	4+	T2	31
1148	A Great Bicycle Company	277	68FC27AD-2ED1-4F61-A068-0AA3DEBD9931	2025-09-11 11:15:07.497	1000000	100000	Reserve Security	BS	1971	Road	28000	3	T2	28
1150	Certified Bicycle Supply	280	2656A532-5879-4092-91EB-E7A2D2CD2EE6	2025-09-11 11:15:07.497	1000000	100000	United Security	BS	2001	Road	24000	2	ISDN	25
1152	Exceptional Cycle Services	289	4CCC7825-4C14-4649-B91F-8B5656C708F0	2025-09-11 11:15:07.497	1000000	100000	International Bank	BS	1996	Touring	27000	4+	DSL	22
1154	Instant Cycle Store	290	B54785A0-100D-4912-86E8-847F736A6BA5	2025-09-11 11:15:07.497	800000	80000	Primary Bank & Reserve	BS	1990	Road	23000	4+	T1	19
1156	Leisure Activities	282	5500DC18-DA7B-4107-A9C0-0DD8CC47FAAD	2025-09-11 11:15:07.497	800000	80000	International Security	BS	1984	Mountain	22000	4+	DSL	16
1158	Paints and Solvents Company	281	AD164FAE-F4F6-4C0F-852E-889EE6280B41	2025-09-11 11:15:07.497	800000	80000	Guardian Bank	BS	1978	Touring	18000	3	T1	13
1160	West Wind Distributors	288	4FE6E559-7339-4043-92D9-635F2F3C00B0	2025-09-11 11:15:07.497	1000000	100000	International Bank	BS	2001	Touring	27000	3	T1	29
1162	Bikes for Kids and Adults	282	DC41A5CF-FE94-47A2-8402-C3072A55F1E8	2025-09-11 11:15:07.497	1500000	150000	Primary Bank & Reserve	BS	1996	Mountain	36000	4+	DSL	30
1164	Consolidated Sales	279	740D720C-E93A-47BD-922B-B6DB87BA5452	2025-09-11 11:15:07.497	1500000	150000	International Security	BS	1990	Mountain	38000	3	DSL	31
1166	Home Town Bike Store	278	AF4AC9E0-FABE-4624-89FF-EA136723359A	2025-09-11 11:15:07.497	800000	80000	United Security	BM	1988	Touring	20000	3	T2	11
1168	Optimal Bikes	279	EE22CF36-5DC3-483E-885A-37ED28508A30	2025-09-11 11:15:07.497	300000	30000	International Bank	BM	1982	Road	10000	2	T1	8
1170	Sample Bike Store	276	B39BF496-3DD4-47AF-9F26-5A7B44349127	2025-09-11 11:15:07.497	300000	30000	Primary Bank & Reserve	BM	1976	Road	7000	AW	DSL	5
1172	Extras Sporting Goods	277	08C40323-B1C0-41DE-978E-497B84513B5A	2025-09-11 11:15:07.497	300000	30000	International Security	BM	1970	Road	7000	3	DSL	2
1174	Sure & Reliable Sporting Goods	283	8A8E549D-0BA5-43D0-ADF8-60F9B5FDEC9D	2025-09-11 11:15:07.497	800000	80000	International Bank	BM	1997	Road	22000	4+	DSL	17
1176	Eleventh Bike Store	275	63164F1D-D845-487D-AECB-74E67A036563	2025-09-11 11:15:07.497	800000	80000	Primary Bank & Reserve	BM	1975	Road	22000	4+	DSL	18
1178	Enterprise Center	288	23DF9965-0D48-4935-8AF6-A3F21D37EDFA	2025-09-11 11:15:07.497	800000	80000	International Security	BM	2000	Touring	23000	4+	T1	19
1180	Purple Bicycle Company	282	0D9B5235-D3C0-4BF0-A319-F122C2CC1A36	2025-09-11 11:15:07.497	1000000	100000	Guardian Bank	BM	2000	Road	27000	2	DSL	20
1182	New and Used Bicycles	279	271474F4-52F9-4C6D-AD70-5A894111E739	2025-09-11 11:15:07.497	800000	80000	Primary International	BM	1994	Road	20000	AW	DSL	18
1184	Separate Parts Corporation	281	4CF82063-B7CB-4772-9F0C-D3ACB230F459	2025-09-11 11:15:07.497	800000	80000	Reserve Security	BM	1988	Road	21000	3	DSL	16
1186	Basic Bike Company	283	F2C84903-19ED-4549-8B4E-9604C558EAB6	2025-09-11 11:15:07.497	800000	80000	United Security	BM	1982	Road	20000	2	DSL	14
1188	Fabrikam Inc., West	275	9DA146B6-2E9B-4039-83E1-427879F8471E	2025-09-11 11:15:07.497	800000	80000	International Bank	BM	1976	Mountain	18000	4+	DSL	12
1190	Mechanical Brake Manufacturers	288	0E715AB8-2EB4-41E4-8B9D-63523C2E4B2D	2025-09-11 11:15:07.497	800000	80000	Primary Bank & Reserve	BM	1970	Touring	21000	3	T1	10
1192	Non-Slip Pedal Company	282	C374851D-B5F0-46C6-BF7B-E3EAD1124BD5	2025-09-11 11:15:07.497	300000	30000	International Security	BM	1975	Road	11000	AW	DSL	8
1194	Variety Bike Outlet	279	2211F0A3-5A94-486C-AC43-8B2A76F40DB5	2025-09-11 11:15:07.497	300000	30000	Guardian Bank	BM	1970	Mountain	9000	AW	DSL	6
1196	Weekend Bike Tours	281	6252826A-91A5-41E4-9348-FF0AFC2B669E	2025-09-11 11:15:07.497	300000	30000	Primary International	BM	1978	Road	7000	AW	DSL	4
1198	Fabrikam Inc., East	288	43D11293-C15A-4E15-ACAE-7A1EEAB66096	2025-09-11 11:15:07.497	800000	80000	Guardian Bank	BM	1993	Road	20000	AW	DSL	11
1200	General Supplies	282	2E8CC24D-2556-40B0-98C5-91CCE9D75E1E	2025-09-11 11:15:07.497	800000	80000	Primary International	BM	1988	Road	21000	3	T2	12
1202	Noiseless Gear Company	279	6036ACC8-A7E3-4D9F-8383-31D759B8D4BC	2025-09-11 11:15:07.497	800000	80000	Reserve Security	BM	1996	Mountain	20000	4+	DSL	13
1204	Racing Toys	281	243A84E3-1C70-4A25-A8DD-BB6C0B0C8072	2025-09-11 11:15:07.497	800000	80000	United Security	BM	1991	Road	18000	2	DSL	14
1206	Capable Sales and Service	280	88D825C6-A877-46CB-B874-3F933DED0920	2025-09-11 11:15:07.497	300000	30000	Primary Bank & Reserve	BM	1981	Mountain	10000	4+	DSL	3
1208	Little Sports Center	289	DE9E508E-4E51-4A6F-8C53-20BE18C1DEA1	2025-09-11 11:15:07.497	300000	30000	International Security	BM	1976	Touring	10000	4+	DSL	4
1210	Pretty Bikes and Toys	290	F0E72F25-41EF-4C1D-AD51-5AF894F852B0	2025-09-11 11:15:07.497	300000	30000	Guardian Bank	BM	1984	Road	6000	3	T2	5
1212	Road Way Sales and Rental	282	89AD5863-0A77-448A-B52F-11DC514CE6F1	2025-09-11 11:15:07.497	300000	30000	Primary International	BM	1979	Mountain	10000	3	T1	6
1214	Sturdy Toys	281	54897E0C-A386-46E8-8065-A9CC052075BD	2025-09-11 11:15:07.497	300000	30000	Reserve Security	BM	1987	Mountain	9000	2	DSL	7
1216	Beneficial Exercises and Activities	277	8C9FEF87-A44E-4EE0-9051-39B7BDC8D552	2025-09-11 11:15:07.497	300000	30000	United Security	BM	1982	Road	9000	2	T1	8
1218	Fad Outlet	280	FCAFE412-052F-4F3E-B8A5-28F71C755019	2025-09-11 11:15:07.497	300000	30000	International Bank	BM	1990	Road	8000	AW	DSL	9
1220	Commerce Bicycle Specialists	289	A9D77EA7-BAEC-46F1-B2DC-5A7EBFAD788B	2025-09-11 11:15:07.497	800000	80000	Primary Bank & Reserve	BM	1985	Mountain	19000	4+	ISDN	10
1222	Township Inn	290	01CD6B0B-1C26-4490-BC7B-FA20C8ADAB95	2025-09-11 11:15:07.497	800000	80000	International Security	BM	1993	Road	18000	4+	ISDN	11
1224	Acceptable Sales & Service	282	1B4D0A1B-5B60-46AF-97B3-03CB5449DC87	2025-09-11 11:15:07.497	800000	80000	Guardian Bank	BM	1988	Road	21000	AW	DSL	12
1226	Brown Bicycle Company	281	A61B8D5F-DDDA-4CDE-9607-A6D4D446A5F3	2025-09-11 11:15:07.497	800000	80000	Primary International	BM	1996	Road	19000	2	DSL	13
1228	District Mall	277	2A26B47B-13A6-474E-83F9-A1022D05FCE3	2025-09-11 11:15:07.497	800000	80000	Reserve Security	BM	1991	Road	19000	4+	T1	14
1230	Fitness Supplies	280	FC972E23-AB3E-48B2-8270-6DEFB1B8A796	2025-09-11 11:15:07.497	800000	80000	United Security	BM	1999	Touring	19000	4+	T2	15
1232	Mail Market	289	B60F9C7D-9E7F-41B0-9589-235DDE103AE0	2025-09-11 11:15:07.497	800000	80000	International Bank	BM	1994	Touring	19000	AW	DSL	16
1234	Spare Parts Co.	290	33679919-5665-4CE3-924F-B0DF10EE7EB5	2025-09-11 11:15:07.497	800000	80000	Primary Bank & Reserve	BM	1987	Mountain	19000	4+	DSL	17
1236	Twelfth Bike Store	282	7E41175A-1BBD-4B0E-B2BA-F66C90EFA540	2025-09-11 11:15:07.497	800000	80000	International Security	BM	1997	Mountain	21000	4+	T1	18
1238	Consolidated Messenger	278	78B4A61E-0999-49B7-A104-9E2FAAA8B92F	2025-09-11 11:15:07.497	300000	30000	Guardian Bank	BM	1982	Road	7000	3	DSL	8
1240	Daring Rides	279	544095F1-F43C-44D5-B3E2-ECB0A5ECACD4	2025-09-11 11:15:07.497	300000	30000	Primary International	BM	1976	Road	10000	4+	T2	5
1242	Field Trip Store	276	4DD9789C-DD7C-4C82-9BEE-356E105FE143	2025-09-11 11:15:07.497	300000	30000	Reserve Security	BM	1970	Mountain	8000	3	T2	2
1244	Finish and Sealant Products	281	E6398B3C-082F-4CA0-9DC8-2AEC08797505	2025-09-11 11:15:07.497	800000	80000	Guardian Bank	BM	1997	Road	22000	AW	DSL	17
1246	Finer Parts Shop	283	57D0E838-DC59-449E-98A4-B86C6B507DBF	2025-09-11 11:15:07.497	800000	80000	Primary International	BM	1975	Mountain	19000	2	DSL	18
1248	Glossy Bikes	275	9A4B9CCB-BB2F-4FAD-88DE-2E62D19F20C8	2025-09-11 11:15:07.497	800000	80000	Reserve Security	BM	2000	Touring	22000	2	DSL	19
1250	Next Door Cycles	288	B83544EF-3EAC-4E68-B36D-12AB33DCD6B3	2025-09-11 11:15:07.497	1000000	100000	United Security	BM	2000	Touring	27000	3	T2	20
1252	Up-To-Date Sports	282	DD55A844-7FB1-4DFF-A273-843E4A5753E0	2025-09-11 11:15:07.497	1000000	100000	International Security	BM	2000	Mountain	26000	4+	DSL	20
1254	Mountain Bike Center	281	D937B41E-B8E0-4C46-91AE-352E6B37C1FC	2025-09-11 11:15:07.497	800000	80000	Guardian Bank	BM	1994	Road	20000	4+	DSL	18
1256	Specialty Sports Store	277	5B3D4AD5-0F11-4F5E-9ED4-4F0AA9472762	2025-09-11 11:15:07.497	800000	80000	Primary International	BM	1988	Mountain	20000	AW	T2	16
1258	Scooters and Bikes Store	280	9240A9E4-B7F9-40F2-9D2A-C01F78C45C3D	2025-09-11 11:15:07.497	800000	80000	Reserve Security	BM	1982	Road	21000	2	DSL	14
1260	Closest Bicycle Store	289	67DAD033-715A-4A60-ABCB-EE68E898DD6A	2025-09-11 11:15:07.497	800000	80000	United Security	BM	1976	Mountain	22000	3	T1	12
1262	Roadway Bicycle Supply	290	17FE3739-C3AB-4D95-AC2B-A55FF2CE3AFE	2025-09-11 11:15:07.497	800000	80000	International Bank	BM	1970	Touring	19000	4+	DSL	10
1264	Refined Department Stores	282	4EC6C861-04E8-479E-BA0D-17217795631D	2025-09-11 11:15:07.497	300000	30000	Primary Bank & Reserve	BM	1975	Road	7000	3	T2	8
1266	Reasonable Bicycle Sales	281	BAA74406-E6A4-430D-8D72-3BCE10D8C088	2025-09-11 11:15:07.497	300000	30000	International Security	BM	1970	Road	10000	3	DSL	6
1268	Out-of-the-Way Hotels	277	4229E3BE-EE6A-4692-9147-AC75A788F770	2025-09-11 11:15:07.497	300000	30000	Guardian Bank	BM	1978	Mountain	8000	3	DSL	4
1270	Outdoor Sports Supply	280	1A149464-A393-435E-AE32-6049A6AC1275	2025-09-11 11:15:07.497	300000	30000	Primary International	BM	1973	Mountain	9000	AW	DSL	2
1272	Outdoor Aerobic Systems Company	289	2C9D7F50-6431-4361-9843-0CF1601B23B9	2025-09-11 11:15:07.497	300000	30000	Reserve Security	BM	1981	Road	8000	AW	DSL	3
1274	Self-Contained Cycle Parts Company	290	8E256F9E-FECD-4695-96F0-EA82E830A79F	2025-09-11 11:15:07.497	300000	30000	United Security	BM	1976	Road	7000	3	DSL	4
1276	Metal Clearing House	282	CA15BC7F-6499-41BC-9737-F8B289004AF6	2025-09-11 11:15:07.497	300000	30000	International Bank	BM	1984	Touring	9000	3	T2	5
1278	Many Bikes Store	281	C9A6C2A1-C616-455D-B37B-1FC154F568C8	2025-09-11 11:15:07.497	300000	30000	Primary Bank & Reserve	BM	1979	Mountain	10000	3	DSL	6
1280	Largest Bike Store	277	12C44C5F-E2A2-4497-8E32-D2FEA261C96B	2025-09-11 11:15:07.497	300000	30000	International Security	BM	1987	Road	7000	AW	T1	7
1282	Kickstands and Accessories Company	280	15CF6264-3356-4E35-BA49-DE49CE8156DB	2025-09-11 11:15:07.497	300000	30000	Guardian Bank	BM	1982	Touring	10000	2	T1	8
1284	Instruments and Parts Company	289	3F04B809-5BE1-4449-9E42-585EEF390C2D	2025-09-11 11:15:07.497	300000	30000	Primary International	BM	1990	Touring	8000	3	T1	9
1286	Neighborhood Bicycle Storehouse	290	F4468B06-BC53-4C4D-9524-20AD28F1626E	2025-09-11 11:15:07.497	800000	80000	Reserve Security	BM	1985	Touring	17000	3	T1	10
1288	Gear-Shift Bikes Limited	282	29188BCD-ED2A-4518-9A83-D36E20043FE7	2025-09-11 11:15:07.497	800000	80000	United Security	BM	1993	Road	21000	AW	T1	11
1290	Frugal Bike Shop	281	C479A10E-FB4D-4C85-B2A3-D12DB41D2423	2025-09-11 11:15:07.497	800000	80000	International Bank	BM	1988	Mountain	21000	2	T1	12
1292	Family Entertainment Center	280	785C93CA-4AD3-4427-A790-8437CBB3A3EE	2025-09-11 11:15:07.497	3000000	300000	Guardian Bank	OS	1980	Touring	75000	4+	DSL	89
1294	Go-cart and Bike Specialists	277	D8A88A07-AC1C-4B24-9A78-75BB4FF04852	2025-09-11 11:15:07.497	3000000	300000	International Security	OS	1972	Mountain	78000	4+	DSL	90
1296	Trailblazing Sports	281	276C70D2-C4D6-458E-9A49-0036B93BB544	2025-09-11 11:15:07.497	3000000	300000	Primary Bank & Reserve	OS	1977	Mountain	78000	3	T1	91
1298	Racing Partners	282	E18D136C-7303-49ED-A534-E54680CACE07	2025-09-11 11:15:07.497	3000000	300000	International Bank	OS	1987	Mountain	79000	4+	DSL	92
1300	Perfect Toys	290	06E14015-DF3D-4A8D-9998-D6C752F05A02	2025-09-11 11:15:07.497	3000000	300000	United Security	OS	1974	Touring	76000	2	ISDN	93
1302	Exhibition Showroom	289	A7788438-9873-4C7B-98E9-F8BBB6C8490E	2025-09-11 11:15:07.497	3000000	300000	Reserve Security	OS	1974	Mountain	77000	2	DSL	94
1304	Authorized Bike Sales and Rental	280	D1966056-3822-4F4D-A687-14EBA601642C	2025-09-11 11:15:07.497	3000000	300000	Primary International	OS	1980	Touring	75000	3	T1	95
1306	Two-Seater Bikes	277	2D7135A8-73A7-4EFE-8B67-87FD720C4B86	2025-09-11 11:15:07.497	3000000	300000	Guardian Bank	OS	1986	Touring	80000	2	T1	96
1308	More Bikes!	276	F27B7F9D-045A-49B7-88D6-B11A2BEDA905	2025-09-11 11:15:07.497	3000000	300000	Primary Bank & Reserve	OS	1992	Road	79000	3	T2	97
1310	Unified Sports Company	279	5CE11163-C07A-4383-88AD-E0EF5BC0F040	2025-09-11 11:15:07.497	3000000	300000	International Bank	OS	1998	Mountain	80000	4+	ISDN	98
1312	National Manufacturing	278	BBBE2820-9426-4CB9-A4CA-76FE78175E99	2025-09-11 11:15:07.497	3000000	300000	United Security	OS	1999	Road	80000	3	DSL	99
1314	Volume Bike Sellers	286	E7EFAEBC-D62C-4744-9613-57F093F71DB6	2025-09-11 11:15:07.497	3000000	300000	Reserve Security	OS	1999	Mountain	78000	4+	DSL	100
1316	Wheelsets Storehouse	275	286465B6-93EC-4EE3-B33A-B5BA2C77BDE1	2025-09-11 11:15:07.497	3000000	300000	Primary International	OS	1979	Road	73000	2	T1	66
1318	Town Industries	277	5642C175-E11F-490A-9590-8D5211692D60	2025-09-11 11:15:07.497	1500000	150000	Reserve Security	OS	1974	Touring	38000	2	DSL	40
1320	Security Racks and Locks Wholesalers	281	69A30A7B-7B6A-43E1-A2F2-438909377803	2025-09-11 11:15:07.497	1500000	150000	Primary International	OS	1980	Mountain	41000	4+	DSL	43
1322	Rapid Bikes	282	476CDCAD-C2C1-4036-B4D0-1469A7B29749	2025-09-11 11:15:07.497	1500000	150000	Guardian Bank	OS	1986	Mountain	40000	2	T2	46
1324	Metro Sports Equipment	290	E522C053-FF26-41CF-8C15-D36B57EB863D	2025-09-11 11:15:07.497	1500000	150000	International Security	OS	1992	Mountain	41000	4+	T1	49
1326	Nearby Sporting Goods	289	5B2933EE-EC29-4E35-9B6A-BEF23A42D046	2025-09-11 11:15:07.497	3000000	300000	Primary Bank & Reserve	OS	1998	Road	71000	4+	DSL	52
1328	Front Sporting Goods	280	5AED8117-0923-489C-864B-DB7A601DAF33	2025-09-11 11:15:07.497	3000000	300000	International Bank	OS	1999	Mountain	70000	2	DSL	55
1330	Elite Bikes	277	4D2585EC-171B-4AAE-A54B-09DEDD3A5583	2025-09-11 11:15:07.497	3000000	300000	United Security	OS	1999	Road	69000	2	DSL	58
1332	Catalog Store	275	7EBD2CB1-52CF-4658-BA05-41435EE1F2BA	2025-09-11 11:15:07.497	3000000	300000	United Security	OS	1999	Mountain	69000	3	ISDN	55
1334	Chic Department Stores	277	519D6C36-96BC-409D-A2BC-81F75B79E504	2025-09-11 11:15:07.497	3000000	300000	Reserve Security	OS	1999	Mountain	71000	4+	T1	58
1336	Eastside Department Store	276	6A400BD8-88A6-46E3-AE7A-C146FFCDC7FC	2025-09-11 11:15:07.497	3000000	300000	Primary International	OS	1979	Road	70000	3	DSL	61
1338	Sports Sales and Rental	279	8718B588-0073-4706-824C-0BAE6AC48A41	2025-09-11 11:15:07.497	3000000	300000	Guardian Bank	OS	1996	Mountain	72000	4+	T2	64
1340	Cycle Merchants	278	43121A65-0AA0-4CC7-B2C2-068777556D79	2025-09-11 11:15:07.497	3000000	300000	International Security	OS	1991	Road	75000	3	DSL	67
1342	Global Sports Outlet	286	C20C86A2-5D1A-4A9D-99DA-D989BCD0F2FD	2025-09-11 11:15:07.497	3000000	300000	Primary Bank & Reserve	OS	1993	Mountain	75000	4+	DSL	70
1344	Exotic Bikes	275	4F33EED4-011C-4916-8EB3-52B9032EAB97	2025-09-11 11:15:07.497	3000000	300000	International Bank	OS	1998	Road	75000	4+	ISDN	73
1346	Fitness Hotel	277	5B9242CC-550D-4105-9BAA-886F20DD34F9	2025-09-11 11:15:07.497	3000000	300000	United Security	OS	1990	Road	75000	2	T1	76
1348	Healthy Activity Store	276	5988540B-F987-421F-A342-4EB1B809AFA1	2025-09-11 11:15:07.497	3000000	300000	Reserve Security	OS	1995	Mountain	74000	4+	ISDN	79
1350	Every Bike Shop	279	1E7C9C84-DAB9-4164-8154-4F7B8893A542	2025-09-11 11:15:07.497	3000000	300000	Primary International	OS	1987	Road	76000	2	T1	80
1352	Grand Industries	278	72CFCC42-64DC-4283-98C7-A64A2D112451	2025-09-11 11:15:07.497	3000000	300000	Guardian Bank	OS	1992	Touring	77000	2	T1	81
1354	Ideal Components	286	254D461C-3410-4A91-B496-F4B43C1F406E	2025-09-11 11:15:07.497	3000000	300000	International Security	OS	1984	Touring	76000	3	DSL	82
1356	Larger Cycle Shop	275	AC717A14-7677-402E-8B8A-3B9E17CA3664	2025-09-11 11:15:07.497	3000000	300000	Primary Bank & Reserve	OS	1989	Road	77000	4+	T1	83
1358	Leading Sales & Repair	277	2A953C4E-A056-456A-86FC-21E0DCD7E432	2025-09-11 11:15:07.497	3000000	300000	International Bank	OS	1981	Road	75000	4+	T1	84
1360	Main Bicycle Services	276	4EBCD19D-6DAB-4F99-83C0-C439A13969D3	2025-09-11 11:15:07.497	3000000	300000	United Security	OS	1986	Road	75000	3	T2	85
1362	Metro Bike Mart	279	662CE427-C733-44B5-A35C-891589D210B8	2025-09-11 11:15:07.497	3000000	300000	Reserve Security	OS	1978	Mountain	76000	3	DSL	86
1364	Tandem Sales and Service	278	4372D419-1D5A-4A3D-8803-CB94A930E5D9	2025-09-11 11:15:07.497	1500000	150000	International Bank	BS	1972	Road	38000	4+	DSL	34
1366	Sensible Sports	286	C32F634B-50BE-48BB-A1E4-F39800B04407	2025-09-11 11:15:07.497	1500000	150000	United Security	BS	1978	Touring	37000	2	DSL	33
1368	Reliable Retail Center	278	65EB45F3-C60F-4BB6-85CE-B8482E68868B	2025-09-11 11:15:07.497	1500000	150000	Reserve Security	BS	1984	Road	35000	4+	DSL	32
1370	Liquidation Sales	286	0F23CE3A-C1D0-4C61-9D5F-A071DCBC9912	2025-09-11 11:15:07.497	1500000	150000	Primary International	BS	1990	Touring	37000	4+	T1	31
1372	Friendly Bike Shop	275	8483BAAE-A01A-4497-BEBF-1F193E1D5F34	2025-09-11 11:15:07.497	1500000	150000	Guardian Bank	BS	1996	Road	39000	2	ISDN	30
1374	Yellow Bicycle Company	277	6AE7F252-55B7-4D73-91B1-4580678CBA60	2025-09-11 11:15:07.497	1000000	100000	International Security	BS	2001	Mountain	26000	4+	T1	29
1376	Sports Products Store	276	DCCCCF66-C09A-45CD-8F03-E2FD39257C4F	2025-09-11 11:15:07.497	1000000	100000	Primary Bank & Reserve	BS	1971	Road	26000	4+	DSL	28
1378	Selected Distributors	279	C408E9D4-C9F0-422F-89A1-F5C77D5D9680	2025-09-11 11:15:07.497	1000000	100000	International Bank	BS	1998	Mountain	27000	3	DSL	27
1380	Impervious Paint Company	290	26B1E4DC-8FB0-495C-8188-0E06F117F2F9	2025-09-11 11:15:07.497	800000	80000	Primary Bank & Reserve	BS	1972	Mountain	18000	3	ISDN	10
1382	Shipping Specialists	289	14AA6EC7-1684-4A9D-BFB9-3405270BC52B	2025-09-11 11:15:07.497	800000	80000	International Bank	BS	1978	Road	20000	2	DSL	13
1384	Finer Sporting Goods	290	DC4C935B-4788-48DE-8E2B-FE702B9B3940	2025-09-11 11:15:07.497	800000	80000	United Security	BS	1984	Touring	18000	4+	T1	16
1386	Authentic Sales and Service	289	9CB195B3-45E3-455C-8E5E-8B621010BCA8	2025-09-11 11:15:07.497	800000	80000	Reserve Security	BS	1990	Mountain	20000	AW	DSL	19
1388	Official Parts Shop	280	0676819D-A218-496D-A83B-4B750BEE0D61	2025-09-11 11:15:07.497	1000000	100000	Primary International	BS	1996	Road	24000	4+	T1	22
1390	Contoso, Ltd.	277	8874D7B8-9BFB-412A-B19C-3C566C15C03A	2025-09-11 11:15:07.497	1000000	100000	Guardian Bank	BS	2001	Road	24000	4+	T2	25
1392	Discount Tours	281	D208F87F-7CFF-40F7-B3A8-EFBABBAE289C	2025-09-11 11:15:07.497	1000000	100000	International Security	BS	1971	Road	28000	4+	DSL	28
1394	Tire Exchange	282	529D4609-7129-4C41-A88E-7BBE2F25B663	2025-09-11 11:15:07.497	1500000	150000	Primary Bank & Reserve	BS	1998	Mountain	36000	4+	T1	31
1396	Racing Tours	290	6B6D4A42-F6DC-4C37-8C31-0AEA817B2167	2025-09-11 11:15:07.497	1500000	150000	International Bank	BS	1983	Mountain	36000	3	T1	34
1398	Oils and Fluids Warehouse	289	EBFC3863-01F0-4614-8A38-25F35F6801E2	2025-09-11 11:15:07.497	1500000	150000	United Security	BS	1995	Mountain	37000	3	T1	37
1400	Finished Parts Shop	290	08AEFE30-A612-49AD-8B00-F4F8304C17CB	2025-09-11 11:15:07.497	1500000	150000	Reserve Security	BS	1995	Mountain	36000	3	DSL	40
1402	Consumer Equipment	289	05721187-B066-4424-B9A3-E089F95F3FD4	2025-09-11 11:15:07.497	1500000	150000	Primary International	BS	1992	Road	37000	4+	T2	43
1404	Rally Master Company Inc	281	7501ACFE-C321-41D1-9966-7928EE700B8E	2025-09-11 11:15:07.497	3000000	300000	International Security	OS	1992	Touring	77000	2	T2	97
1406	Professional Cyclists	282	E0097DFC-AB99-445B-B0A1-F8F53BD19743	2025-09-11 11:15:07.497	3000000	300000	Primary Bank & Reserve	OS	1998	Road	77000	3	T1	98
1408	Sports Products Store	290	F4988993-96C3-4CFB-9EF5-325ADEFF13D9	2025-09-11 11:15:07.497	3000000	300000	International Bank	OS	1999	Road	78000	3	ISDN	99
1410	Exclusive Bicycle Mart	289	1638EA15-3BDC-4803-A8EE-4604446AB757	2025-09-11 11:15:07.497	3000000	300000	United Security	OS	1999	Road	77000	4+	DSL	100
1412	City Manufacturing	280	C8A665BA-4EE0-4A76-A2FC-B78323823F46	2025-09-11 11:15:07.497	3000000	300000	Reserve Security	OS	1979	Mountain	75000	4+	DSL	66
1414	Bike Dealers Association	281	B882005E-0489-4033-AD67-3E0CBF4FFA37	2025-09-11 11:15:07.497	1500000	150000	United Security	OS	1974	Road	40000	3	T1	40
1416	Pedal Systems Company	279	0D2BED8A-7BCE-4F09-8DA0-AC99A88B334F	2025-09-11 11:15:07.497	1500000	150000	Reserve Security	OS	1980	Road	39000	4+	T3	43
1418	Health Spa, Limited	282	2340BC61-C2F5-4F38-84A6-44B3E1B90D5E	2025-09-11 11:15:07.497	1500000	150000	Primary International	OS	1986	Road	40000	4+	T1	46
1420	Global Bike Retailers	288	72466590-E6B6-4AAB-A1F2-0DCB18685A12	2025-09-11 11:15:07.497	1500000	150000	Guardian Bank	OS	1992	Touring	40000	4+	T1	49
1422	Fashionable Department Stores	275	5221DD86-F37E-4F4A-8374-BBCAE7E69F4F	2025-09-11 11:15:07.497	3000000	300000	International Security	OS	1998	Mountain	68000	3	DSL	52
1424	Closeout Boutique	283	7B25C4EC-0A30-416B-8353-99A4725CB62A	2025-09-11 11:15:07.497	3000000	300000	Primary Bank & Reserve	OS	1999	Mountain	70000	3	T1	55
1426	Bicycle Merchandise Warehouse	281	820B50FB-3A24-4CC5-A4DD-AAE6AD57D919	2025-09-11 11:15:07.497	3000000	300000	International Bank	OS	1999	Road	69000	4+	T1	58
1428	Spoke Manufacturers	279	D0E5AD57-6E5E-40C6-A834-D2906A365231	2025-09-11 11:15:07.497	3000000	300000	United Security	OS	1979	Road	74000	4+	T1	61
1430	Leather Seat Factory	282	1FCC2C07-E555-42B9-A4B7-CFF0B9DCF884	2025-09-11 11:15:07.497	3000000	300000	Reserve Security	OS	1996	Mountain	72000	4+	ISDN	64
1432	Good Bicycle Store	288	8625C3D9-E443-494E-AD75-523A30E2967B	2025-09-11 11:15:07.497	3000000	300000	Primary International	OS	1991	Road	71000	4+	ISDN	67
1434	Endurance Bikes	275	D393F32E-8FE6-4FF2-865C-B4175331F985	2025-09-11 11:15:07.497	3000000	300000	Guardian Bank	OS	1993	Road	75000	3	DSL	70
1436	Practical Bike Supply Company	277	7D0ADD31-0074-42D0-B00A-DDB8D31BBBD2	2025-09-11 11:15:07.497	1000000	100000	International Security	BS	2001	Mountain	26000	3	DSL	25
1438	Some Discount Store	280	B5CA298F-1ECC-4F42-A077-A32C5C9A30BB	2025-09-11 11:15:07.497	1000000	100000	Guardian Bank	BS	1996	Mountain	27000	2	T1	22
1440	Variety Cycling	289	47D6B3C9-A6D6-405A-9CCE-1F78CBAFB1FD	2025-09-11 11:15:07.497	800000	80000	Primary International	BS	1990	Touring	21000	AW	DSL	19
1442	Accessories Network	290	4FFFFBB5-1337-4F14-BA3C-6BB27CD33E50	2025-09-11 11:15:07.497	800000	80000	Reserve Security	BS	1984	Touring	22000	2	DSL	16
1444	Remote Bicycle Specialists	282	2B37636B-B111-414F-AD38-25C3D407B501	2025-09-11 11:15:07.497	800000	80000	United Security	BS	1978	Road	19000	3	DSL	13
1446	Curbside Sporting Goods	281	3EE65EEC-4ABF-48B2-82B6-5B368C1BB84E	2025-09-11 11:15:07.497	800000	80000	International Bank	BS	1972	Road	20000	3	DSL	10
1448	Friendly Neighborhood Bikes	277	A9849C81-88BC-49A9-9584-78634AEA3681	2025-09-11 11:15:07.497	1000000	100000	United Security	BS	1998	Mountain	28000	4+	DSL	27
1450	Guaranteed Sales and Service	275	E0E88A9E-EAC4-4E30-8072-534C4C4AC250	2025-09-11 11:15:07.497	1000000	100000	International Bank	BS	1971	Road	28000	4+	T1	28
1452	Preferable Bikes	286	0FF9A129-CAD9-4A94-9A92-A08461903579	2025-09-11 11:15:07.497	1000000	100000	Primary Bank & Reserve	BS	2001	Touring	24000	4+	DSL	29
1454	Recommended Bicycles	278	F00BFDA2-17EB-4B77-BA24-4443E1DA8360	2025-09-11 11:15:07.497	1500000	150000	International Security	BS	1996	Road	35000	4+	DSL	30
1456	Sunny Place Bikes	279	B07B4A19-8960-4A16-914C-B516CB49CCE0	2025-09-11 11:15:07.497	1500000	150000	Guardian Bank	BS	1990	Road	39000	4+	DSL	31
1458	Alpine Ski House	276	A05E0815-2D28-45E6-91E5-FF8053433EBF	2025-09-11 11:15:07.497	1500000	150000	Primary International	BS	1984	Road	37000	2	DSL	32
1460	Cycles and Scooters	279	30141DA2-7560-44CB-97A9-02C8857C7079	2025-09-11 11:15:07.497	1500000	150000	Reserve Security	BS	1978	Road	35000	4+	T1	33
1462	Small Bike Accessories Shop	275	0AB43663-3A2D-4234-B2AB-04B18376D857	2025-09-11 11:15:07.497	1500000	150000	United Security	BS	1972	Touring	37000	3	T2	34
1464	List Price Catalog Company	286	BA90930E-259D-4BFE-B558-DE00867A4247	2025-09-11 11:15:07.497	1500000	150000	International Bank	BS	1988	Touring	37000	3	DSL	35
1466	Seats and Saddles Company	278	2316F0F6-ACF4-4458-9538-74F842C88D11	2025-09-11 11:15:07.497	1500000	150000	Primary Bank & Reserve	BS	1976	Mountain	38000	4+	DSL	36
1468	Village Tours	279	96A94727-D9CC-4596-A196-F48D0932F5CC	2025-09-11 11:15:07.497	1500000	150000	International Security	BS	1971	Mountain	40000	3	ISDN	37
1470	All Cycle Shop	280	C5B62E91-9344-4622-B360-8A1C3101535C	2025-09-11 11:15:07.497	1000000	100000	Primary International	BS	1998	Mountain	25000	3	DSL	27
1472	Tachometers and Accessories	289	9E86D886-AE40-492A-960C-376F1102AA68	2025-09-11 11:15:07.497	1000000	100000	Reserve Security	BS	1971	Mountain	25000	4+	DSL	28
1474	Cycles Sales and Repair	290	29D20006-51CB-491D-BBA5-D126F15062AF	2025-09-11 11:15:07.497	1000000	100000	United Security	BS	2001	Touring	26000	3	T1	29
1476	Low Price Cycles	282	47C198F4-09ED-4826-B43B-7CF4AC53D6BF	2025-09-11 11:15:07.497	1500000	150000	International Bank	BS	1996	Mountain	36000	4+	DSL	30
1478	Metropolitan Manufacturing	281	76C1B6AB-0697-4636-B65E-B4C66FD9AF60	2025-09-11 11:15:07.497	1500000	150000	Primary Bank & Reserve	BS	1990	Road	39000	4+	DSL	31
1480	Orange Bicycle Company	277	094A64BD-0F6E-4A78-977C-3EE38B1FA993	2025-09-11 11:15:07.497	1500000	150000	International Security	BS	1984	Road	37000	4+	T1	32
1482	Riding Associates	280	5CCDBDC8-55F8-4B22-B24D-0F58DB098E0B	2025-09-11 11:15:07.497	1500000	150000	Guardian Bank	BS	1978	Mountain	36000	4+	DSL	33
1484	Essential Bike Works	289	18887CC9-A503-4F5C-B054-FB6CCDF9F56D	2025-09-11 11:15:07.497	1500000	150000	Primary International	BS	1972	Road	39000	4+	DSL	34
1486	Rural Mountain Bike Mart	290	7DF7C186-7E2A-4BCE-9EA2-5D42ABF2FB7B	2025-09-11 11:15:07.497	1500000	150000	Reserve Security	BS	1988	Road	39000	4+	T1	35
1488	City Cycling	282	7D7911CF-C5DC-4D89-A503-7377A84CB3D9	2025-09-11 11:15:07.497	1500000	150000	United Security	BS	1976	Road	37000	2	T1	36
1490	Engineered Bike Systems	281	28A52834-6069-473E-B547-FC8B4B04C0C9	2025-09-11 11:15:07.497	1500000	150000	International Bank	BS	1971	Touring	40000	4+	T2	37
1796	Professional Containers and Packaging Co.	281	57E8E5C9-7A01-485E-AE4B-48DCB41A0DC2	2025-09-11 11:15:07.497	1500000	150000	International Security	BS	1997	Mountain	38000	4+	DSL	46
1798	One Bike Company	282	4317B79B-6640-4EC3-8353-1370A12633A5	2025-09-11 11:15:07.497	1500000	150000	Primary Bank & Reserve	BS	1989	Mountain	41000	3	DSL	49
1800	Hiatus Bike Tours	290	C838B0D9-14EA-4019-B010-5BBEF2B43862	2025-09-11 11:15:07.497	1500000	150000	International Bank	BS	1994	Touring	40000	2	T2	48
1802	Cycling Goods	289	5AEF8ADE-BD2A-4012-9766-71B2147D5D35	2025-09-11 11:15:07.497	1500000	150000	United Security	BS	1986	Road	37000	4+	DSL	47
1804	Cycle Clearance	280	7F2C3AB3-97CA-46BA-820E-A03F59EC842D	2025-09-11 11:15:07.497	1500000	150000	Reserve Security	BS	1991	Touring	40000	2	T1	46
1806	Black Bicycle Company	277	B67E6FD5-2918-4100-82A8-E004DA0DDB35	2025-09-11 11:15:07.497	1500000	150000	Primary International	BS	1983	Mountain	40000	4+	DSL	45
1808	Transport Bikes	281	8317603A-1C85-40FD-A106-B5C591042EA3	2025-09-11 11:15:07.497	1500000	150000	Guardian Bank	BS	1988	Touring	41000	3	ISDN	44
1810	Sellers of Cycles	280	3818AF93-B4DA-49CE-968E-672059B77BED	2025-09-11 11:15:07.497	1500000	150000	International Security	BS	1980	Road	37000	4+	DSL	43
1812	Maintenance and Repair for Bicycles	277	060163F2-6E85-4473-B0FC-C2EF091C057D	2025-09-11 11:15:07.497	1500000	150000	Primary Bank & Reserve	BS	1985	Touring	41000	4+	DSL	42
1814	Fitness Department Stores	281	02F5437E-F74E-4F8B-92EE-F129C8AC0986	2025-09-11 11:15:07.497	1500000	150000	International Bank	BS	1977	Touring	37000	3	T2	41
1816	Famous Bike Shop	278	0E7982EE-CE33-404C-B7DB-36F78DA457EB	2025-09-11 11:15:07.497	1500000	150000	United Security	BS	1982	Mountain	37000	4+	DSL	40
1818	Eastward Bike Accessories	286	11108D11-D7AB-49F8-824B-D4E5D4341570	2025-09-11 11:15:07.497	1500000	150000	Reserve Security	BS	1974	Touring	39000	3	DSL	39
1820	Strong Metal Manufacturing	275	F844DFFD-C87F-4DD4-B82B-E27FD5B50372	2025-09-11 11:15:07.497	1500000	150000	Primary International	BS	1979	Road	36000	4+	DSL	38
1822	Gift and Toy Store	277	0AB1BBF2-D910-4BAF-B8E4-1977CC0FBCBB	2025-09-11 11:15:07.497	1500000	150000	Guardian Bank	BS	1971	Road	36000	4+	DSL	37
1824	Major Sporting Goods	276	9FC444E5-C1BC-42B2-8656-2E6C96F32920	2025-09-11 11:15:07.497	1500000	150000	International Security	BS	1976	Road	40000	4+	DSL	36
1826	Executive Discount Store	279	A2AB0A56-0E6F-4786-B122-3A2FB52CE2EF	2025-09-11 11:15:07.497	1500000	150000	Primary Bank & Reserve	BS	1988	Road	39000	4+	T1	35
1828	Major Cycling	282	2F45BF63-26C3-43E5-ADAE-486A0FA6D41F	2025-09-11 11:15:07.497	3000000	300000	International Security	OS	1995	Road	77000	2	T2	79
1830	Getaway Inn	290	64F9EF4B-475A-4CFA-A816-E0E66856CC5F	2025-09-11 11:15:07.497	3000000	300000	Primary Bank & Reserve	OS	1987	Road	75000	4+	T1	80
1832	Downhill Bicycle Specialists	289	161B1BB9-5AFB-47B2-B1AD-45BF03BA6520	2025-09-11 11:15:07.497	3000000	300000	International Bank	OS	1992	Mountain	77000	2	DSL	81
1834	Bike Experts	280	639BBC3A-D30B-4456-A2FD-CB740884E939	2025-09-11 11:15:07.497	3000000	300000	United Security	OS	1984	Mountain	73000	4+	DSL	82
1836	Extraordinary Bike Works	277	D8F8E7F3-9ACF-4F4B-8327-293B7A7943B3	2025-09-11 11:15:07.497	3000000	300000	Reserve Security	OS	1989	Mountain	75000	2	T2	83
1838	Valley Bicycle Distributors	281	DB88DA40-586E-4429-AF8D-2148A59B93A6	2025-09-11 11:15:07.497	3000000	300000	Primary International	OS	1981	Road	76000	4+	DSL	84
1840	Top Sports Supply	282	20D63E3E-5631-4118-9712-1171AA5A0357	2025-09-11 11:15:07.497	3000000	300000	Guardian Bank	OS	1986	Mountain	78000	3	DSL	85
1842	Racing Sales and Service	290	CDD163A9-DC42-44B4-BA95-B5DE845813E4	2025-09-11 11:15:07.497	3000000	300000	International Security	OS	1978	Road	77000	3	DSL	86
1844	Metropolitan Bicycle Supply	289	BF60E1DD-FE8B-4D6F-BD43-DCEC43504357	2025-09-11 11:15:07.497	3000000	300000	Primary Bank & Reserve	OS	1983	Mountain	78000	4+	DSL	87
1846	Honest Repair Service	280	EA9914D7-5FC2-4F73-9483-95CBAD7408A7	2025-09-11 11:15:07.497	3000000	300000	International Bank	OS	1975	Touring	77000	3	DSL	88
1848	Designer Department Stores	277	8689142F-784A-4E36-ACC4-87346BE7DA38	2025-09-11 11:15:07.497	3000000	300000	United Security	OS	1980	Road	74000	3	T2	89
1850	Wheel Gallery	281	7EF9C12F-21F8-46C6-B18D-E073E1A2A5F3	2025-09-11 11:15:07.497	3000000	300000	Reserve Security	OS	1972	Road	79000	2	DSL	90
1852	Top Bike Market	278	5555020A-F026-41F8-924F-4180974F39EB	2025-09-11 11:15:07.497	3000000	300000	International Bank	OS	1987	Touring	75000	3	T1	80
1854	Region Bike Company	286	1D393E58-5467-4529-BE25-52F1EB28BA12	2025-09-11 11:15:07.497	3000000	300000	United Security	OS	1992	Road	75000	2	DSL	81
1856	Grown-up Bike Store	275	5AE09D08-49D1-46BF-9219-BF9874CB1992	2025-09-11 11:15:07.497	3000000	300000	Reserve Security	OS	1984	Mountain	75000	3	DSL	82
1858	Bicycle Lines Distributors	277	EDE264F5-0931-4E4B-B447-5C0ADD3ABA5D	2025-09-11 11:15:07.497	3000000	300000	Primary International	OS	1989	Mountain	77000	3	DSL	83
1860	Sparkling Paint and Finishes	276	B84BA799-82A1-45EA-94FE-63BBE36F1D2D	2025-09-11 11:15:07.497	3000000	300000	Guardian Bank	OS	1981	Mountain	76000	2	DSL	84
1862	Racing Association	279	F2B788DB-35C9-4F0F-A282-4983BBCB8EAC	2025-09-11 11:15:07.497	3000000	300000	International Security	OS	1986	Road	76000	3	T1	85
1864	Plastic Parts Company	278	CE201239-6A87-4995-A399-2EE197DF8D0F	2025-09-11 11:15:07.497	3000000	300000	Primary Bank & Reserve	OS	1978	Mountain	76000	4+	DSL	86
1866	Gears and Parts Company	286	8FC966E0-AD57-4B20-B4FD-F03DA9BB9CCB	2025-09-11 11:15:07.497	3000000	300000	International Bank	OS	1983	Touring	74000	2	T1	87
1868	Executive Gift Store	275	2387A2B5-33EA-4E68-8A92-11C251F92280	2025-09-11 11:15:07.497	3000000	300000	United Security	OS	1975	Mountain	76000	3	DSL	88
1870	Big Cycle Mall	277	17FA0E6E-9EF9-4574-9338-D0610ACFD99A	2025-09-11 11:15:07.497	3000000	300000	Reserve Security	OS	1980	Touring	77000	4+	DSL	89
1872	Budget Bike Company	279	A954DC6D-DE84-4EB7-B23B-120571FDFDE8	2025-09-11 11:15:07.497	800000	80000	International Bank	BM	1997	Road	22000	AW	ISDN	18
1874	Eighth Bike Store	281	311AFC6C-933D-41B8-83B8-51551F1D8FF0	2025-09-11 11:15:07.497	800000	80000	Primary Bank & Reserve	BM	1975	Touring	21000	3	T2	19
1876	Demand Distributors	283	B34E161A-8ED8-4E28-A86C-200CE4704883	2025-09-11 11:15:07.497	1000000	100000	International Security	BM	2000	Road	24000	4+	T1	20
1878	Immediate Repair Shop	275	0C2D39A6-B731-4D81-8253-85A0D25ACD25	2025-09-11 11:15:07.497	800000	80000	Guardian Bank	BM	2000	Mountain	22000	4+	T2	17
1880	Off-Price Bike Center	288	0BD08A52-187E-42BB-8A1C-2AC8971BFA12	2025-09-11 11:15:07.497	800000	80000	Primary International	BM	1994	Touring	22000	4+	T1	14
1882	Red Bicycle Company	282	B8E6EF57-7087-4B21-9636-0E657902714E	2025-09-11 11:15:07.497	800000	80000	Reserve Security	BM	1988	Mountain	18000	3	DSL	11
1884	Retirement Activities Association	279	ACDCA9A3-F6F2-4E09-A9AF-61F6B9834595	2025-09-11 11:15:07.497	300000	30000	United Security	BM	1982	Road	11000	4+	T1	8
1886	Trendy Department Stores	281	5F8C35A3-92F4-4979-A838-5B93C221B9DF	2025-09-11 11:15:07.497	300000	30000	International Bank	BM	1976	Touring	9000	AW	DSL	5
1888	Vintage Sport Boutique	283	6D6E4980-1732-4C6F-9045-31C3E1C75ABB	2025-09-11 11:15:07.497	300000	30000	Primary Bank & Reserve	BM	1970	Touring	9000	AW	DSL	2
1890	Travel Sports	280	5E8BF52B-D5C7-49AB-BC10-DDCED8CF5DDA	2025-09-11 11:15:07.497	800000	80000	United Security	BM	1997	Mountain	18000	4+	DSL	17
1892	West Side Mart	289	AC3C4ACF-213F-4BCD-9778-DCA173060CC0	2025-09-11 11:15:07.497	800000	80000	International Bank	BM	1975	Touring	19000	3	DSL	18
1894	The Bike Outlet	290	9A11A00B-06E6-4E9B-A7D7-69FD4045F80E	2025-09-11 11:15:07.497	800000	80000	Primary Bank & Reserve	BM	2000	Touring	21000	2	T1	19
1896	Tenth Bike Store	282	66B28442-B5D7-4332-9EF2-E89221FDBB9B	2025-09-11 11:15:07.497	800000	80000	International Bank	BM	1994	Road	23000	4+	DSL	18
1898	Valuable Bike Parts Company	279	3E4F1B95-2189-4EE2-A882-749A904B1DFA	2025-09-11 11:15:07.497	800000	80000	Primary Bank & Reserve	BM	1988	Mountain	20000	2	DSL	16
1900	Fun Times Club	281	2AE16C95-ED93-45E7-A3AB-3D4C60DFB9A9	2025-09-11 11:15:07.497	800000	80000	International Security	BM	1982	Road	22000	3	DSL	14
1902	Chain and Chain Tool Distributions	279	4034B966-97E9-42F1-A475-406339846DC5	2025-09-11 11:15:07.497	800000	80000	Guardian Bank	BM	1976	Road	20000	3	DSL	12
1904	Mobile Outlet	275	9ACF0C46-95C0-40D3-B39E-44C548A7A8AB	2025-09-11 11:15:07.497	800000	80000	Primary International	BM	1970	Road	17000	2	T1	10
1906	Regional Cycle Shop	288	793A1B41-4B83-416B-853C-FB190B79728C	2025-09-11 11:15:07.497	300000	30000	Reserve Security	BM	1975	Road	10000	2	DSL	8
1908	Rural Bicycle Supply	282	0F7AA600-6050-49BA-819D-30A7D3AB4B5B	2025-09-11 11:15:07.497	300000	30000	United Security	BM	1970	Mountain	10000	4+	DSL	6
1910	Wingtip Toys	283	23F57BE6-5B8B-447B-AE0D-3A161C09A0AC	2025-09-11 11:15:07.497	800000	80000	International Bank	BM	1999	Mountain	20000	3	T1	15
1912	The Cycle Store	275	3FCE0EF1-27CA-48EE-9339-3523648400D1	2025-09-11 11:15:07.497	800000	80000	Primary Bank & Reserve	BM	1994	Mountain	22000	3	T1	16
1914	Educational Services	288	74B0C415-AE1E-4FD1-985B-A62F7C378632	2025-09-11 11:15:07.497	800000	80000	International Security	BM	1987	Touring	19000	2	DSL	17
1916	Active Life Toys	282	0893DD3B-BD98-4820-AAE6-ED7F8562D210	2025-09-11 11:15:07.497	800000	80000	Guardian Bank	BM	1997	Road	20000	4+	T1	18
1918	Simple Bike Parts	279	608D52AA-1D0D-4D5D-A0A0-47F9977AF2AF	2025-09-11 11:15:07.497	800000	80000	Primary International	BM	1975	Road	21000	4+	DSL	19
1920	Timely Shipping Service	281	5B92790F-AA8B-4F60-8DC8-BC45BF25E4A6	2025-09-11 11:15:07.497	1000000	100000	Reserve Security	BM	2000	Mountain	24000	2	T1	20
1922	A Cycle Shop	283	D2A3DB53-0901-4322-A7AF-1CC77A7B1778	2025-09-11 11:15:07.497	800000	80000	United Security	BM	2000	Touring	22000	3	T2	17
1924	Bike Products and Accessories	275	7FB517F3-ECEE-4451-9563-C95665A0B777	2025-09-11 11:15:07.497	800000	80000	International Bank	BM	1994	Mountain	19000	AW	T2	14
1926	Fitness Toys	288	70CBFDC4-A8FE-4BDD-9571-8FC617BDFCB7	2025-09-11 11:15:07.497	800000	80000	Primary Bank & Reserve	BM	1988	Touring	21000	2	T1	11
1928	Quick Parts and Service	278	638DFC4E-0C69-4538-8DA8-7E82B1B7A9CE	2025-09-11 11:15:07.497	300000	30000	International Security	BM	1984	Touring	7000	4+	DSL	5
1930	Reliable Brake Systems	279	E33AD5AC-F5CE-4070-BBF0-5F9D3D5DBEFB	2025-09-11 11:15:07.497	300000	30000	Guardian Bank	BM	1979	Mountain	7000	3	DSL	6
1932	Thrifty Parts and Sales	276	B8862D14-E834-48E6-B0A6-643EB0B7900B	2025-09-11 11:15:07.497	300000	30000	Primary International	BM	1987	Road	8000	2	DSL	7
1934	A Typical Bike Shop	277	68147F2D-51DB-4EF8-8909-4D5951F18D0C	2025-09-11 11:15:07.497	300000	30000	Reserve Security	BM	1982	Road	8000	AW	T1	8
1936	Active Transport Inc.	275	08ACE001-1D14-4FC9-AE2D-BC20EDB2F9DC	2025-09-11 11:15:07.497	300000	30000	United Security	BM	1990	Road	8000	AW	T2	9
1938	Cycle Parts and Accessories	286	F2BBF7E1-A7EB-4966-BC17-64288E4568F6	2025-09-11 11:15:07.497	800000	80000	International Bank	BM	1985	Touring	20000	3	T2	10
1940	Fasteners & Bolts Outlet	278	42EBCB9E-A948-46AD-B1E9-1CE6B3586670	2025-09-11 11:15:07.497	800000	80000	Primary Bank & Reserve	BM	1993	Touring	18000	4+	DSL	11
1942	Functional Store North	279	33313E49-4158-4E04-ACB3-9F6407B0EB02	2025-09-11 11:15:07.497	800000	80000	International Security	BM	1988	Mountain	19000	3	DSL	12
1944	Quantity Discounts	276	7C2547EC-E661-4C36-BB47-51F57AC3DBC4	2025-09-11 11:15:07.497	800000	80000	Guardian Bank	BM	1996	Road	19000	3	DSL	13
1946	Swift Cycles	277	C05A6203-36F7-4BE4-92E6-E7CF57B838C3	2025-09-11 11:15:07.497	800000	80000	Primary International	BM	1991	Road	22000	3	ISDN	14
1948	Classic Cycle Store	275	966674C7-2048-4D9E-8A92-138E9B09030D	2025-09-11 11:15:07.497	800000	80000	Reserve Security	BM	1999	Mountain	22000	2	DSL	15
1950	Helpful Sales and Repair Service 	286	5B578C14-DCD2-4FA6-A64D-4F87F843722C	2025-09-11 11:15:07.497	800000	80000	United Security	BM	1994	Touring	19000	4+	DSL	16
1952	Large Bike Shop	278	8B1E2F28-A97F-4B3E-9130-AC855B3F8A42	2025-09-11 11:15:07.497	800000	80000	International Bank	BM	1987	Mountain	19000	4+	T1	17
1954	Recreation Supplies	279	00E69DB8-5933-4F61-A963-7808C4BAF0C5	2025-09-11 11:15:07.497	800000	80000	Primary Bank & Reserve	BM	1997	Mountain	22000	3	DSL	18
1956	Wire Baskets and Parts	276	D8DCA6AD-2529-469D-BB71-314F7A177E65	2025-09-11 11:15:07.497	800000	80000	International Security	BM	1975	Road	19000	4+	DSL	19
1958	Ultimate Bicycle Company	290	304C84B4-89A5-4B0F-8BBD-461E8C70C13C	2025-09-11 11:15:07.497	3000000	300000	International Security	OS	1974	Mountain	78000	2	T1	94
1960	Sports Store	289	FF449303-A956-4800-AD4C-A7892235679C	2025-09-11 11:15:07.497	3000000	300000	Primary Bank & Reserve	OS	1980	Mountain	76000	3	DSL	95
1962	Metropolitan Equipment	290	32618F97-57C6-454A-A594-172076B0F52C	2025-09-11 11:15:07.497	3000000	300000	International Bank	OS	1986	Road	78000	2	DSL	96
1964	Extended Tours	289	993C0120-5E56-4AB8-9E1B-BF71BE3B7FAA	2025-09-11 11:15:07.497	3000000	300000	United Security	OS	1992	Road	78000	4+	T1	97
1966	Convenient Sales and Service	280	4A396E48-E3FF-4115-A0C6-51847E75ADCF	2025-09-11 11:15:07.497	3000000	300000	Reserve Security	OS	1998	Road	77000	4+	T1	98
1968	Solid Bike Parts	277	5E7CB5E1-6651-49E6-A5CF-EDF584F7EC92	2025-09-11 11:15:07.497	3000000	300000	Primary International	OS	1999	Road	77000	4+	DSL	99
1970	Permanent Finish Products	281	7C270785-2478-4E43-9681-EC76000F4881	2025-09-11 11:15:07.497	3000000	300000	Guardian Bank	OS	1999	Mountain	79000	4+	DSL	100
1972	Mercantile Outlet	282	27758A68-359B-4EA6-8689-5CB8B4A5F489	2025-09-11 11:15:07.497	3000000	300000	International Security	OS	1979	Mountain	71000	4+	T1	66
1974	Links Works	288	6870F695-E4E4-453F-8ECC-0C1CB1C09A14	2025-09-11 11:15:07.497	1500000	150000	Guardian Bank	OS	1974	Mountain	39000	2	DSL	40
1976	Exhilarating Cycles	275	38F8BB38-28B7-42EF-A1EF-C66D247ECB59	2025-09-11 11:15:07.497	1500000	150000	International Security	OS	1980	Road	40000	3	T2	43
1978	Exercise Center	281	7F509B53-0C05-4D57-9596-6701191190DA	2025-09-11 11:15:07.497	800000	80000	Guardian Bank	BM	1975	Mountain	23000	2	T1	19
1980	Great Bicycle Supply	277	DCA3FDA7-7276-45CF-A3FF-74EAE11F6798	2025-09-11 11:15:07.497	1000000	100000	Primary International	BM	2000	Mountain	27000	4+	T1	20
1982	Mail-Order Outlet	280	A6644D71-94F1-4964-B258-9BE80889F5DF	2025-09-11 11:15:07.497	800000	80000	Reserve Security	BM	2000	Road	18000	4+	T1	17
1984	Nearby Cycle Shop	289	A0670332-E61E-4AD6-8233-76A3DBBD514A	2025-09-11 11:15:07.497	800000	80000	United Security	BM	1994	Mountain	20000	2	T1	14
1986	Recreation Toy Store	290	77A34C42-6D04-406A-8DEC-7928A48520EE	2025-09-11 11:15:07.497	800000	80000	International Bank	BM	1988	Mountain	17000	3	T1	11
1988	Retreat Inn	282	EA21EC81-1BFA-4A07-9B4D-73D9852AFCBF	2025-09-11 11:15:07.497	300000	30000	Primary Bank & Reserve	BM	1982	Road	7000	4+	T2	8
1990	Technical Parts Manufacturing	281	C8E3C4ED-8F58-4DB2-B600-E0CD11D9CFAD	2025-09-11 11:15:07.497	300000	30000	International Security	BM	1976	Touring	7000	4+	T1	5
1992	Totes & Baskets Company	277	CE860B58-643C-4567-BFD8-06E97969CC67	2025-09-11 11:15:07.497	300000	30000	Guardian Bank	BM	1970	Road	6000	4+	DSL	2
1994	World of Bikes	277	0C10F2B6-A13A-440C-9C25-5B28D482872A	2025-09-11 11:15:07.497	800000	80000	Primary Bank & Reserve	BM	1997	Mountain	19000	4+	T1	17
2051	A Bicycle Association	275	82237172-D3FE-4A95-82EF-636F655240AD	2025-09-11 11:15:07.497	800000	80000	International Security	BM	1975	Touring	19000	2	T1	18
